Name,description,timestamp,begin,end,altitudeMode,tessellate,extrude,visibility,drawOrder,icon,class
1,,,,,,1,0,-1,,,1
Untitled Polygon,,,,,,1,0,-1,,,1
Untitled Polygon,,,,,,1,0,-1,,,1
Untitled Polygon,,,,,,1,0,-1,,,1
Untitled Polygon,,,,,,1,0,-1,,,1
Untitled Polygon,,,,,,1,0,-1,,,1
Untitled Polygon,,,,,,1,0,-1,,,1
Untitled Polygon,,,,,,1,0,-1,,,1
Untitled Polygon,,,,,,1,0,-1,,,1
10,,,,,,1,0,-1,,,1
Untitled Polygon,,,,,,1,0,-1,,,1
Untitled Polygon,,,,,,1,0,-1,,,1
Untitled Polygon,,,,,,1,0,-1,,,1
Untitled Polygon,,,,,,1,0,-1,,,1
Untitled Polygon,,,,,,1,0,-1,,,1
Untitled Polygon,,,,,,1,0,-1,,,1
Untitled Polygon,,,,,,1,0,-1,,,1
Untitled Polygon,,,,,,1,0,-1,,,1
Untitled Polygon,,,,,,1,0,-1,,,1
20,,,,,,1,0,-1,,,1
Untitled Polygon,,,,,,1,0,-1,,,1
Untitled Polygon,,,,,,1,0,-1,,,1
Untitled Polygon,,,,,,1,0,-1,,,1
Untitled Polygon,,,,,,1,0,-1,,,1
Untitled Polygon,,,,,,1,0,-1,,,1
Untitled Polygon,,,,,,1,0,-1,,,1
Untitled Polygon,,,,,,1,0,-1,,,1
Untitled Polygon,,,,,,1,0,-1,,,1
Untitled Polygon,,,,,,1,0,-1,,,1
30,,,,,,1,0,-1,,,1
Untitled Polygon,,,,,,1,0,-1,,,1
Untitled Polygon,,,,,,1,0,-1,,,1
Untitled Polygon,,,,,,1,0,-1,,,1
Untitled Polygon,,,,,,1,0,-1,,,1
Untitled Polygon,,,,,,1,0,-1,,,1
Untitled Polygon,,,,,,1,0,-1,,,1
Untitled Polygon,,,,,,1,0,-1,,,1
Untitled Polygon,,,,,,1,0,-1,,,1
Untitled Polygon,,,,,,1,0,-1,,,1
40,,,,,,1,0,-1,,,1
Untitled Polygon,,,,,,1,0,-1,,,1
Untitled Polygon,,,,,,1,0,-1,,,1
Untitled Polygon,,,,,,1,0,-1,,,1
Untitled Polygon,,,,,,1,0,-1,,,1
Untitled Polygon,,,,,,1,0,-1,,,1
Untitled Polygon,,,,,,1,0,-1,,,1
Untitled Polygon,,,,,,1,0,-1,,,1
Untitled Polygon,,,,,,1,0,-1,,,1
Untitled Polygon,,,,,,1,0,-1,,,1
50,,,,,,1,0,-1,,,1
Untitled Polygon,,,,,,1,0,-1,,,1
Untitled Polygon,,,,,,1,0,-1,,,1
Untitled Polygon,,,,,,1,0,-1,,,1
Untitled Polygon,,,,,,1,0,-1,,,1
Untitled Polygon,,,,,,1,0,-1,,,1
Untitled Polygon,,,,,,1,0,-1,,,1
Untitled Polygon,,,,,,1,0,-1,,,1
Untitled Polygon,,,,,,1,0,-1,,,1
Untitled Polygon,,,,,,1,0,-1,,,1
60,,,,,,1,0,-1,,,1
Untitled Polygon,,,,,,1,0,-1,,,1
Untitled Polygon,,,,,,1,0,-1,,,1
Untitled Polygon,,,,,,1,0,-1,,,1
Untitled Polygon,,,,,,1,0,-1,,,1
Untitled Polygon,,,,,,1,0,-1,,,1
Untitled Polygon,,,,,,1,0,-1,,,1
Untitled Polygon,,,,,,1,0,-1,,,1
Untitled Polygon,,,,,,1,0,-1,,,1
Untitled Polygon,,,,,,1,0,-1,,,1
70,,,,,,1,0,-1,,,1
Untitled Polygon,,,,,,1,0,-1,,,1
Untitled Polygon,,,,,,1,0,-1,,,1
Untitled Polygon,,,,,,1,0,-1,,,1
Untitled Polygon,,,,,,1,0,-1,,,1
Untitled Polygon,,,,,,1,0,-1,,,1
Untitled Polygon,,,,,,1,0,-1,,,1
Untitled Polygon,,,,,,1,0,-1,,,1
Untitled Polygon,,,,,,1,0,-1,,,1
Untitled Polygon,,,,,,1,0,-1,,,1
80,,,,,,1,0,-1,,,1
Untitled Polygon,,,,,,1,0,-1,,,1
Untitled Polygon,,,,,,1,0,-1,,,1
Untitled Polygon,,,,,,1,0,-1,,,1
Untitled Polygon,,,,,,1,0,-1,,,1
Untitled Polygon,,,,,,1,0,-1,,,1
Untitled Polygon,,,,,,1,0,-1,,,1
Untitled Polygon,,,,,,1,0,-1,,,1
Untitled Polygon,,,,,,1,0,-1,,,1
Untitled Polygon,,,,,,1,0,-1,,,1
90,,,,,,1,0,-1,,,1
Untitled Polygon,,,,,,1,0,-1,,,1
Untitled Polygon,,,,,,1,0,-1,,,1
Untitled Polygon,,,,,,1,0,-1,,,1
Untitled Polygon,,,,,,1,0,-1,,,1
Untitled Polygon,,,,,,1,0,-1,,,1
Untitled Polygon,,,,,,1,0,-1,,,1
Untitled Polygon,,,,,,1,0,-1,,,1
Untitled Polygon,,,,,,1,0,-1,,,1
Untitled Polygon,,,,,,1,0,-1,,,1
100,,,,,,1,0,-1,,,1
Untitled Polygon,,,,,,1,0,-1,,,1
Untitled Polygon,,,,,,1,0,-1,,,1
Untitled Polygon,,,,,,1,0,-1,,,1
Untitled Polygon,,,,,,1,0,-1,,,1
Untitled Polygon,,,,,,1,0,-1,,,1
Untitled Polygon,,,,,,1,0,-1,,,1
Untitled Polygon,,,,,,1,0,-1,,,1
Untitled Polygon,,,,,,1,0,-1,,,1
Untitled Polygon,,,,,,1,0,-1,,,1
110,,,,,,1,0,-1,,,1
Untitled Polygon,,,,,,1,0,-1,,,1
Untitled Polygon,,,,,,1,0,-1,,,1
Untitled Polygon,,,,,,1,0,-1,,,1
Untitled Polygon,,,,,,1,0,-1,,,1
Untitled Polygon,,,,,,1,0,-1,,,1
Untitled Polygon,,,,,,1,0,-1,,,1
Untitled Polygon,,,,,,1,0,-1,,,1
Untitled Polygon,,,,,,1,0,-1,,,1
Untitled Polygon,,,,,,1,0,-1,,,1
Untitled Polygon,,,,,,1,0,-1,,,1
120,,,,,,1,0,-1,,,1
Untitled Polygon,,,,,,1,0,-1,,,1
Untitled Polygon,,,,,,1,0,-1,,,1
Untitled Polygon,,,,,,1,0,-1,,,1
Untitled Polygon,,,,,,1,0,-1,,,1
Untitled Polygon,,,,,,1,0,-1,,,1
Untitled Polygon,,,,,,1,0,-1,,,1
Untitled Polygon,,,,,,1,0,-1,,,1
Untitled Polygon,,,,,,1,0,-1,,,1
Untitled Polygon,,,,,,1,0,-1,,,1
130,,,,,,1,0,-1,,,1
Untitled Polygon,,,,,,1,0,-1,,,1
Untitled Polygon,,,,,,1,0,-1,,,1
Untitled Polygon,,,,,,1,0,-1,,,1
Untitled Polygon,,,,,,1,0,-1,,,1
Untitled Polygon,,,,,,1,0,-1,,,1
Untitled Polygon,,,,,,1,0,-1,,,1
Untitled Polygon,,,,,,1,0,-1,,,1
Untitled Polygon,,,,,,1,0,-1,,,1
Untitled Polygon,,,,,,1,0,-1,,,1
140,,,,,,1,0,-1,,,1
Untitled Polygon,,,,,,1,0,-1,,,1
Untitled Polygon,,,,,,1,0,-1,,,1
Untitled Polygon,,,,,,1,0,-1,,,1
Untitled Polygon,,,,,,1,0,-1,,,1
Untitled Polygon,,,,,,1,0,-1,,,1
Untitled Polygon,,,,,,1,0,-1,,,1
Untitled Polygon,,,,,,1,0,-1,,,1
Untitled Polygon,,,,,,1,0,-1,,,1
Untitled Polygon,,,,,,1,0,-1,,,1
150,,,,,,1,0,-1,,,1
Untitled Polygon,,,,,,1,0,-1,,,1
Untitled Polygon,,,,,,1,0,-1,,,1
Untitled Polygon,,,,,,1,0,-1,,,1
Untitled Polygon,,,,,,1,0,-1,,,1
Untitled Polygon,,,,,,1,0,-1,,,1
Untitled Polygon,,,,,,1,0,-1,,,1
Untitled Polygon,,,,,,1,0,-1,,,1
Untitled Polygon,,,,,,1,0,-1,,,1
Untitled Polygon,,,,,,1,0,-1,,,1
160,,,,,,1,0,-1,,,1
Untitled Polygon,,,,,,1,0,-1,,,1
Untitled Polygon,,,,,,1,0,-1,,,1
Untitled Polygon,,,,,,1,0,-1,,,1
Untitled Polygon,,,,,,1,0,-1,,,1
Untitled Polygon,,,,,,1,0,-1,,,1
Untitled Polygon,,,,,,1,0,-1,,,1
Untitled Polygon,,,,,,1,0,-1,,,1
Untitled Polygon,,,,,,1,0,-1,,,1
Untitled Polygon,,,,,,1,0,-1,,,1
Untitled Polygon,,,,,,1,0,-1,,,1
170,,,,,,1,0,-1,,,1
Untitled Polygon,,,,,,1,0,-1,,,1
Untitled Polygon,,,,,,1,0,-1,,,1
Untitled Polygon,,,,,,1,0,-1,,,1
Untitled Polygon,,,,,,1,0,-1,,,1
Untitled Polygon,,,,,,1,0,-1,,,1
Untitled Polygon,,,,,,1,0,-1,,,1
Untitled Polygon,,,,,,1,0,-1,,,1
Untitled Polygon,,,,,,1,0,-1,,,1
Untitled Polygon,,,,,,1,0,-1,,,1
Untitled Polygon,,,,,,1,0,-1,,,1
180,,,,,,1,0,-1,,,1
Untitled Polygon,,,,,,1,0,-1,,,1
Untitled Polygon,,,,,,1,0,-1,,,1
Untitled Polygon,,,,,,1,0,-1,,,1
Untitled Polygon,,,,,,1,0,-1,,,1
Untitled Polygon,,,,,,1,0,-1,,,1
Untitled Polygon,,,,,,1,0,-1,,,1
Untitled Polygon,,,,,,1,0,-1,,,1
Untitled Polygon,,,,,,1,0,-1,,,1
Untitled Polygon,,,,,,1,0,-1,,,1
190,,,,,,1,0,-1,,,1
Untitled Polygon,,,,,,1,0,-1,,,1
Untitled Polygon,,,,,,1,0,-1,,,1
Untitled Polygon,,,,,,1,0,-1,,,1
Untitled Polygon,,,,,,1,0,-1,,,1
Untitled Polygon,,,,,,1,0,-1,,,1
Untitled Polygon,,,,,,1,0,-1,,,1
Untitled Polygon,,,,,,1,0,-1,,,1
Untitled Polygon,,,,,,1,0,-1,,,1
Untitled Polygon,,,,,,1,0,-1,,,1
200,,,,,,1,0,-1,,,1
Untitled Polygon,,,,,,1,0,-1,,,1
Untitled Polygon,,,,,,1,0,-1,,,1
Untitled Polygon,,,,,,1,0,-1,,,1
Untitled Polygon,,,,,,1,0,-1,,,1
Untitled Polygon,,,,,,1,0,-1,,,1
Untitled Polygon,,,,,,1,0,-1,,,1
Untitled Polygon,,,,,,1,0,-1,,,1
Untitled Polygon,,,,,,1,0,-1,,,1
Untitled Polygon,,,,,,1,0,-1,,,1
210,,,,,,1,0,-1,,,1
Untitled Polygon,,,,,,1,0,-1,,,1
Untitled Polygon,,,,,,1,0,-1,,,1
Untitled Polygon,,,,,,1,0,-1,,,1
Untitled Polygon,,,,,,1,0,-1,,,1
Untitled Polygon,,,,,,1,0,-1,,,1
Untitled Polygon,,,,,,1,0,-1,,,1
Untitled Polygon,,,,,,1,0,-1,,,1
Untitled Polygon,,,,,,1,0,-1,,,1
Untitled Polygon,,,,,,1,0,-1,,,1
220,,,,,,1,0,-1,,,1
Untitled Polygon,,,,,,1,0,-1,,,1
Untitled Polygon,,,,,,1,0,-1,,,1
Untitled Polygon,,,,,,1,0,-1,,,1
Untitled Polygon,,,,,,1,0,-1,,,1
Untitled Polygon,,,,,,1,0,-1,,,1
Untitled Polygon,,,,,,1,0,-1,,,1
Untitled Polygon,,,,,,1,0,-1,,,1
Untitled Polygon,,,,,,1,0,-1,,,1
Untitled Polygon,,,,,,1,0,-1,,,1
230,,,,,,1,0,-1,,,1
Untitled Polygon,,,,,,1,0,-1,,,1
Untitled Polygon,,,,,,1,0,-1,,,1
Untitled Polygon,,,,,,1,0,-1,,,1
Untitled Polygon,,,,,,1,0,-1,,,1
Untitled Polygon,,,,,,1,0,-1,,,1
Untitled Polygon,,,,,,1,0,-1,,,1
Untitled Polygon,,,,,,1,0,-1,,,1
Untitled Polygon,,,,,,1,0,-1,,,1
Untitled Polygon,,,,,,1,0,-1,,,1
240,,,,,,1,0,-1,,,1
Untitled Polygon,,,,,,1,0,-1,,,1
Untitled Polygon,,,,,,1,0,-1,,,1
Untitled Polygon,,,,,,1,0,-1,,,1
Untitled Polygon,,,,,,1,0,-1,,,1
Untitled Polygon,,,,,,1,0,-1,,,1
Untitled Polygon,,,,,,1,0,-1,,,1
Untitled Polygon,,,,,,1,0,-1,,,1
Untitled Polygon,,,,,,1,0,-1,,,1
Untitled Polygon,,,,,,1,0,-1,,,1
250,,,,,,1,0,-1,,,1
Untitled Polygon,,,,,,1,0,-1,,,1
Untitled Polygon,,,,,,1,0,-1,,,1
Untitled Polygon,,,,,,1,0,-1,,,1
Untitled Polygon,,,,,,1,0,-1,,,1
Untitled Polygon,,,,,,1,0,-1,,,1
Untitled Polygon,,,,,,1,0,-1,,,1
Untitled Polygon,,,,,,1,0,-1,,,1
Untitled Polygon,,,,,,1,0,-1,,,1
Untitled Polygon,,,,,,1,0,-1,,,1
260,,,,,,1,0,-1,,,1
Untitled Polygon,,,,,,1,0,-1,,,1
Untitled Polygon,,,,,,1,0,-1,,,1
Untitled Polygon,,,,,,1,0,-1,,,1
Untitled Polygon,,,,,,1,0,-1,,,1
Untitled Polygon,,,,,,1,0,-1,,,1
Untitled Polygon,,,,,,1,0,-1,,,1
Untitled Polygon,,,,,,1,0,-1,,,1
Untitled Polygon,,,,,,1,0,-1,,,1
Untitled Polygon,,,,,,1,0,-1,,,1
270,,,,,,1,0,-1,,,1
Untitled Polygon,,,,,,1,0,-1,,,1
Untitled Polygon,,,,,,1,0,-1,,,1
Untitled Polygon,,,,,,1,0,-1,,,1
Untitled Polygon,,,,,,1,0,-1,,,1
Untitled Polygon,,,,,,1,0,-1,,,1
Untitled Polygon,,,,,,1,0,-1,,,1
Untitled Polygon,,,,,,1,0,-1,,,1
Untitled Polygon,,,,,,1,0,-1,,,1
Untitled Polygon,,,,,,1,0,-1,,,1
Untitled Polygon,,,,,,1,0,-1,,,1
Untitled Polygon,,,,,,1,0,-1,,,1
Untitled Polygon,,,,,,1,0,-1,,,1
Untitled Polygon,,,,,,1,0,-1,,,1
Untitled Polygon,,,,,,1,0,-1,,,1
Untitled Polygon,,,,,,1,0,-1,,,1
Untitled Polygon,,,,,,1,0,-1,,,1
Untitled Polygon,,,,,,1,0,-1,,,1
Untitled Polygon,,,,,,1,0,-1,,,1
Untitled Polygon,,,,,,1,0,-1,,,1
Untitled Polygon,,,,,,1,0,-1,,,1
Untitled Polygon,,,,,,1,0,-1,,,1
Untitled Polygon,,,,,,1,0,-1,,,1
Untitled Polygon,,,,,,1,0,-1,,,1
Untitled Polygon,,,,,,1,0,-1,,,1
Untitled Polygon,,,,,,1,0,-1,,,1
Untitled Polygon,,,,,,1,0,-1,,,1
Untitled Polygon,,,,,,1,0,-1,,,1
Untitled Polygon,,,,,,1,0,-1,,,1
Untitled Polygon,,,,,,1,0,-1,,,1
Untitled Polygon,,,,,,1,0,-1,,,1
Untitled Polygon,,,,,,1,0,-1,,,1
Untitled Polygon,,,,,,1,0,-1,,,1
Untitled Polygon,,,,,,1,0,-1,,,1
Untitled Polygon,,,,,,1,0,-1,,,1
Untitled Polygon,,,,,,1,0,-1,,,1
Untitled Polygon,,,,,,1,0,-1,,,1
Untitled Polygon,,,,,,1,0,-1,,,1
Untitled Polygon,,,,,,1,0,-1,,,1
Untitled Polygon,,,,,,1,0,-1,,,1
Untitled Polygon,,,,,,1,0,-1,,,1
Untitled Polygon,,,,,,1,0,-1,,,1
Untitled Polygon,,,,,,1,0,-1,,,1
Untitled Polygon,,,,,,1,0,-1,,,1
Untitled Polygon,,,,,,1,0,-1,,,1
Untitled Polygon,,,,,,1,0,-1,,,1
Untitled Polygon,,,,,,1,0,-1,,,1
Untitled Polygon,,,,,,1,0,-1,,,1
Untitled Polygon,,,,,,1,0,-1,,,1
Untitled Polygon,,,,,,1,0,-1,,,1
Untitled Polygon,,,,,,1,0,-1,,,1
Untitled Polygon,,,,,,1,0,-1,,,1
Untitled Polygon,,,,,,1,0,-1,,,1
Untitled Polygon,,,,,,1,0,-1,,,1
Untitled Polygon,,,,,,1,0,-1,,,1
Untitled Polygon,,,,,,1,0,-1,,,1
Untitled Polygon,,,,,,1,0,-1,,,1
Untitled Polygon,,,,,,1,0,-1,,,1
Untitled Polygon,,,,,,1,0,-1,,,1
Untitled Polygon,,,,,,1,0,-1,,,1
Untitled Polygon,,,,,,1,0,-1,,,1
Untitled Polygon,,,,,,1,0,-1,,,1
Untitled Polygon,,,,,,1,0,-1,,,1
Untitled Polygon,,,,,,1,0,-1,,,1
Untitled Polygon,,,,,,1,0,-1,,,1
Untitled Polygon,,,,,,1,0,-1,,,1
Untitled Polygon,,,,,,1,0,-1,,,1
Untitled Polygon,,,,,,1,0,-1,,,1
Untitled Polygon,,,,,,1,0,-1,,,1
Untitled Polygon,,,,,,1,0,-1,,,1
Untitled Polygon,,,,,,1,0,-1,,,1
Untitled Polygon,,,,,,1,0,-1,,,1
Untitled Polygon,,,,,,1,0,-1,,,1
Untitled Polygon,,,,,,1,0,-1,,,1
Untitled Polygon,,,,,,1,0,-1,,,1
Untitled Polygon,,,,,,1,0,-1,,,1
Untitled Polygon,,,,,,1,0,-1,,,1
Untitled Polygon,,,,,,1,0,-1,,,1
Untitled Polygon,,,,,,1,0,-1,,,1
Untitled Polygon,,,,,,1,0,-1,,,1
Untitled Polygon,,,,,,1,0,-1,,,1
Untitled Polygon,,,,,,1,0,-1,,,1
Untitled Polygon,,,,,,1,0,-1,,,1
Untitled Polygon,,,,,,1,0,-1,,,1
Untitled Polygon,,,,,,1,0,-1,,,1
Untitled Polygon,,,,,,1,0,-1,,,1
Untitled Polygon,,,,,,1,0,-1,,,1
Untitled Polygon,,,,,,1,0,-1,,,1
Untitled Polygon,,,,,,1,0,-1,,,1
Untitled Polygon,,,,,,1,0,-1,,,1
Untitled Polygon,,,,,,1,0,-1,,,1
Untitled Polygon,,,,,,1,0,-1,,,1
Untitled Polygon,,,,,,1,0,-1,,,1
Untitled Polygon,,,,,,1,0,-1,,,1
Untitled Polygon,,,,,,1,0,-1,,,1
Untitled Polygon,,,,,,1,0,-1,,,1
Untitled Polygon,,,,,,1,0,-1,,,1
Untitled Polygon,,,,,,1,0,-1,,,1
Untitled Polygon,,,,,,1,0,-1,,,1
Untitled Polygon,,,,,,1,0,-1,,,1
Untitled Polygon,,,,,,1,0,-1,,,1
Untitled Polygon,,,,,,1,0,-1,,,1
Untitled Polygon,,,,,,1,0,-1,,,1
Untitled Polygon,,,,,,1,0,-1,,,1
Untitled Polygon,,,,,,1,0,-1,,,1
Untitled Polygon,,,,,,1,0,-1,,,1
Untitled Polygon,,,,,,1,0,-1,,,1
Untitled Polygon,,,,,,1,0,-1,,,1
Untitled Polygon,,,,,,1,0,-1,,,1
Untitled Polygon,,,,,,1,0,-1,,,1
Untitled Polygon,,,,,,1,0,-1,,,1
Untitled Polygon,,,,,,1,0,-1,,,1
Untitled Polygon,,,,,,1,0,-1,,,1
Untitled Polygon,,,,,,1,0,-1,,,1
Untitled Polygon,,,,,,1,0,-1,,,1
Untitled Polygon,,,,,,1,0,-1,,,1
Untitled Polygon,,,,,,1,0,-1,,,1
Untitled Polygon,,,,,,1,0,-1,,,1
Untitled Polygon,,,,,,1,0,-1,,,1
Untitled Polygon,,,,,,1,0,-1,,,1
Untitled Polygon,,,,,,1,0,-1,,,1
Untitled Polygon,,,,,,1,0,-1,,,1
Untitled Polygon,,,,,,1,0,-1,,,1
Untitled Polygon,,,,,,1,0,-1,,,1
Untitled Polygon,,,,,,1,0,-1,,,1
Untitled Polygon,,,,,,1,0,-1,,,1
Untitled Polygon,,,,,,1,0,-1,,,1
Untitled Polygon,,,,,,1,0,-1,,,1
Untitled Polygon,,,,,,1,0,-1,,,1
Untitled Polygon,,,,,,1,0,-1,,,1
Untitled Polygon,,,,,,1,0,-1,,,1
Untitled Polygon,,,,,,1,0,-1,,,1
Untitled Polygon,,,,,,1,0,-1,,,1
Untitled Polygon,,,,,,1,0,-1,,,1
Untitled Polygon,,,,,,1,0,-1,,,1
Untitled Polygon,,,,,,1,0,-1,,,1
Untitled Polygon,,,,,,1,0,-1,,,1
Untitled Polygon,,,,,,1,0,-1,,,1
Untitled Polygon,,,,,,1,0,-1,,,1
Untitled Polygon,,,,,,1,0,-1,,,1
Untitled Polygon,,,,,,1,0,-1,,,1
Untitled Polygon,,,,,,1,0,-1,,,1
Untitled Polygon,,,,,,1,0,-1,,,1
Untitled Polygon,,,,,,1,0,-1,,,1
Untitled Polygon,,,,,,1,0,-1,,,1
Untitled Polygon,,,,,,1,0,-1,,,1
Untitled Polygon,,,,,,1,0,-1,,,1
Untitled Polygon,,,,,,1,0,-1,,,1
Untitled Polygon,,,,,,1,0,-1,,,1
Untitled Polygon,,,,,,1,0,-1,,,1
Untitled Polygon,,,,,,1,0,-1,,,1
Untitled Polygon,,,,,,1,0,-1,,,1
Untitled Polygon,,,,,,1,0,-1,,,1
Untitled Polygon,,,,,,1,0,-1,,,1
Untitled Polygon,,,,,,1,0,-1,,,1
Untitled Polygon,,,,,,1,0,-1,,,1
Untitled Polygon,,,,,,1,0,-1,,,1
Untitled Polygon,,,,,,1,0,-1,,,1
Untitled Polygon,,,,,,1,0,-1,,,1
Untitled Polygon,,,,,,1,0,-1,,,1
Untitled Polygon,,,,,,1,0,-1,,,1
Untitled Polygon,,,,,,1,0,-1,,,1
Untitled Polygon,,,,,,1,0,-1,,,1
Untitled Polygon,,,,,,1,0,-1,,,1
Untitled Polygon,,,,,,1,0,-1,,,1
Untitled Polygon,,,,,,1,0,-1,,,1
Untitled Polygon,,,,,,1,0,-1,,,1
Untitled Polygon,,,,,,1,0,-1,,,1
Untitled Polygon,,,,,,1,0,-1,,,1
Untitled Polygon,,,,,,1,0,-1,,,1
Untitled Polygon,,,,,,1,0,-1,,,1
Untitled Polygon,,,,,,1,0,-1,,,1
Untitled Polygon,,,,,,1,0,-1,,,1
Untitled Polygon,,,,,,1,0,-1,,,1
Untitled Polygon,,,,,,1,0,-1,,,1
Untitled Polygon,,,,,,1,0,-1,,,1
Untitled Polygon,,,,,,1,0,-1,,,1
Untitled Polygon,,,,,,1,0,-1,,,1
Untitled Polygon,,,,,,1,0,-1,,,1
Untitled Polygon,,,,,,1,0,-1,,,1
Untitled Polygon,,,,,,1,0,-1,,,1
Untitled Polygon,,,,,,1,0,-1,,,1
Untitled Polygon,,,,,,1,0,-1,,,1
Untitled Polygon,,,,,,1,0,-1,,,1
Untitled Polygon,,,,,,1,0,-1,,,1
Untitled Polygon,,,,,,1,0,-1,,,1
Untitled Polygon,,,,,,1,0,-1,,,1
Untitled Polygon,,,,,,1,0,-1,,,1
Untitled Polygon,,,,,,1,0,-1,,,1
Untitled Polygon,,,,,,1,0,-1,,,1
Untitled Polygon,,,,,,1,0,-1,,,1
Untitled Polygon,,,,,,1,0,-1,,,1
Untitled Polygon,,,,,,1,0,-1,,,1
Untitled Polygon,,,,,,1,0,-1,,,1
Untitled Polygon,,,,,,1,0,-1,,,1
Untitled Polygon,,,,,,1,0,-1,,,1
Untitled Polygon,,,,,,1,0,-1,,,1
Untitled Polygon,,,,,,1,0,-1,,,1
Untitled Polygon,,,,,,1,0,-1,,,1
Untitled Polygon,,,,,,1,0,-1,,,1
Untitled Polygon,,,,,,1,0,-1,,,1
Untitled Polygon,,,,,,1,0,-1,,,1
Untitled Polygon,,,,,,1,0,-1,,,1
Untitled Polygon,,,,,,1,0,-1,,,1
Untitled Polygon,,,,,,1,0,-1,,,1
Untitled Polygon,,,,,,1,0,-1,,,1
Untitled Polygon,,,,,,1,0,-1,,,1
Untitled Polygon,,,,,,1,0,-1,,,1
Untitled Polygon,,,,,,1,0,-1,,,1
Untitled Polygon,,,,,,1,0,-1,,,1
Untitled Polygon,,,,,,1,0,-1,,,1
Untitled Polygon,,,,,,1,0,-1,,,1
Untitled Polygon,,,,,,1,0,-1,,,1
Untitled Polygon,,,,,,1,0,-1,,,1
Untitled Polygon,,,,,,1,0,-1,,,1
Untitled Polygon,,,,,,1,0,-1,,,1
Untitled Polygon,,,,,,1,0,-1,,,1
Untitled Polygon,,,,,,1,0,-1,,,1
Untitled Polygon,,,,,,1,0,-1,,,1
Untitled Polygon,,,,,,1,0,-1,,,1
Untitled Polygon,,,,,,1,0,-1,,,1
Untitled Polygon,,,,,,1,0,-1,,,1
Untitled Polygon,,,,,,1,0,-1,,,1
Untitled Polygon,,,,,,1,0,-1,,,1
Untitled Polygon,,,,,,1,0,-1,,,1
Untitled Polygon,,,,,,1,0,-1,,,1
Untitled Polygon,,,,,,1,0,-1,,,1
Untitled Polygon,,,,,,1,0,-1,,,1
Untitled Polygon,,,,,,1,0,-1,,,1
Untitled Polygon,,,,,,1,0,-1,,,1
1,,,,,,1,0,-1,,,2
Untitled Polygon,,,,,,1,0,-1,,,2
Untitled Polygon,,,,,,1,0,-1,,,2
Untitled Polygon,,,,,,1,0,-1,,,2
Untitled Polygon,,,,,,1,0,-1,,,2
Untitled Polygon,,,,,,1,0,-1,,,2
Untitled Polygon,,,,,,1,0,-1,,,2
Untitled Polygon,,,,,,1,0,-1,,,2
Untitled Polygon,,,,,,1,0,-1,,,2
10,,,,,,1,0,-1,,,2
Untitled Polygon,,,,,,1,0,-1,,,2
Untitled Polygon,,,,,,1,0,-1,,,2
Untitled Polygon,,,,,,1,0,-1,,,2
Untitled Polygon,,,,,,1,0,-1,,,2
Untitled Polygon,,,,,,1,0,-1,,,2
Untitled Polygon,,,,,,1,0,-1,,,2
Untitled Polygon,,,,,,1,0,-1,,,2
Untitled Polygon,,,,,,1,0,-1,,,2
Untitled Polygon,,,,,,1,0,-1,,,2
20,,,,,,1,0,-1,,,2
Untitled Polygon,,,,,,1,0,-1,,,2
Untitled Polygon,,,,,,1,0,-1,,,2
Untitled Polygon,,,,,,1,0,-1,,,2
Untitled Polygon,,,,,,1,0,-1,,,2
Untitled Polygon,,,,,,1,0,-1,,,2
Untitled Polygon,,,,,,1,0,-1,,,2
Untitled Polygon,,,,,,1,0,-1,,,2
Untitled Polygon,,,,,,1,0,-1,,,2
Untitled Polygon,,,,,,1,0,-1,,,2
30,,,,,,1,0,-1,,,2
Untitled Polygon,,,,,,1,0,-1,,,2
Untitled Polygon,,,,,,1,0,-1,,,2
Untitled Polygon,,,,,,1,0,-1,,,2
Untitled Polygon,,,,,,1,0,-1,,,2
Untitled Polygon,,,,,,1,0,-1,,,2
Untitled Polygon,,,,,,1,0,-1,,,2
40,,,,,,1,0,-1,,,2
Untitled Polygon,,,,,,1,0,-1,,,2
Untitled Polygon,,,,,,1,0,-1,,,2
Untitled Polygon,,,,,,1,0,-1,,,2
Untitled Polygon,,,,,,1,0,-1,,,2
Untitled Polygon,,,,,,1,0,-1,,,2
Untitled Polygon,,,,,,1,0,-1,,,2
Untitled Polygon,,,,,,1,0,-1,,,2
50,,,,,,1,0,-1,,,2
Untitled Polygon,,,,,,1,0,-1,,,2
Untitled Polygon,,,,,,1,0,-1,,,2
Untitled Polygon,,,,,,1,0,-1,,,2
Untitled Polygon,,,,,,1,0,-1,,,2
Untitled Polygon,,,,,,1,0,-1,,,2
Untitled Polygon,,,,,,1,0,-1,,,2
Untitled Polygon,,,,,,1,0,-1,,,2
Untitled Polygon,,,,,,1,0,-1,,,2
60,,,,,,1,0,-1,,,2
Untitled Polygon,,,,,,1,0,-1,,,2
Untitled Polygon,,,,,,1,0,-1,,,2
Untitled Polygon,,,,,,1,0,-1,,,2
Untitled Polygon,,,,,,1,0,-1,,,2
Untitled Polygon,,,,,,1,0,-1,,,2
Untitled Polygon,,,,,,1,0,-1,,,2
Untitled Polygon,,,,,,1,0,-1,,,2
Untitled Polygon,,,,,,1,0,-1,,,2
Untitled Polygon,,,,,,1,0,-1,,,2
70,,,,,,1,0,-1,,,2
Untitled Polygon,,,,,,1,0,-1,,,2
Untitled Polygon,,,,,,1,0,-1,,,2
Untitled Polygon,,,,,,1,0,-1,,,2
Untitled Polygon,,,,,,1,0,-1,,,2
Untitled Polygon,,,,,,1,0,-1,,,2
Untitled Polygon,,,,,,1,0,-1,,,2
Untitled Polygon,,,,,,1,0,-1,,,2
Untitled Polygon,,,,,,1,0,-1,,,2
Untitled Polygon,,,,,,1,0,-1,,,2
80,,,,,,1,0,-1,,,2
Untitled Polygon,,,,,,1,0,-1,,,2
Untitled Polygon,,,,,,1,0,-1,,,2
Untitled Polygon,,,,,,1,0,-1,,,2
Untitled Polygon,,,,,,1,0,-1,,,2
Untitled Polygon,,,,,,1,0,-1,,,2
Untitled Polygon,,,,,,1,0,-1,,,2
Untitled Polygon,,,,,,1,0,-1,,,2
Untitled Polygon,,,,,,1,0,-1,,,2
Untitled Polygon,,,,,,1,0,-1,,,2
Untitled Polygon,,,,,,1,0,-1,,,2
Untitled Polygon,,,,,,1,0,-1,,,2
Untitled Polygon,,,,,,1,0,-1,,,2
Untitled Polygon,,,,,,1,0,-1,,,2
Untitled Polygon,,,,,,1,0,-1,,,2
Untitled Polygon,,,,,,1,0,-1,,,2
Untitled Polygon,,,,,,1,0,-1,,,2
Untitled Polygon,,,,,,1,0,-1,,,2
Untitled Polygon,,,,,,1,0,-1,,,2
Untitled Polygon,,,,,,1,0,-1,,,2
Untitled Polygon,,,,,,1,0,-1,,,2
Untitled Polygon,,,,,,1,0,-1,,,2
Untitled Polygon,,,,,,1,0,-1,,,2
Untitled Polygon,,,,,,1,0,-1,,,2
Untitled Polygon,,,,,,1,0,-1,,,2
Untitled Polygon,,,,,,1,0,-1,,,2
Untitled Polygon,,,,,,1,0,-1,,,2
Untitled Polygon,,,,,,1,0,-1,,,2
Untitled Polygon,,,,,,1,0,-1,,,2
Untitled Polygon,,,,,,1,0,-1,,,2
Untitled Polygon,,,,,,1,0,-1,,,2
Untitled Polygon,,,,,,1,0,-1,,,2
Untitled Polygon,,,,,,1,0,-1,,,2
Untitled Polygon,,,,,,1,0,-1,,,2
Untitled Polygon,,,,,,1,0,-1,,,2
Untitled Polygon,,,,,,1,0,-1,,,2
Untitled Polygon,,,,,,1,0,-1,,,2
Untitled Polygon,,,,,,1,0,-1,,,2
Untitled Polygon,,,,,,1,0,-1,,,2
Untitled Polygon,,,,,,1,0,-1,,,2
Untitled Polygon,,,,,,1,0,-1,,,2
Untitled Polygon,,,,,,1,0,-1,,,2
Untitled Polygon,,,,,,1,0,-1,,,2
Untitled Polygon,,,,,,1,0,-1,,,2
Untitled Polygon,,,,,,1,0,-1,,,2
Untitled Polygon,,,,,,1,0,-1,,,2
Untitled Polygon,,,,,,1,0,-1,,,2
Untitled Polygon,,,,,,1,0,-1,,,2
Untitled Polygon,,,,,,1,0,-1,,,2
Untitled Polygon,,,,,,1,0,-1,,,2
Untitled Polygon,,,,,,1,0,-1,,,2
Untitled Polygon,,,,,,1,0,-1,,,2
Untitled Polygon,,,,,,1,0,-1,,,2
Untitled Polygon,,,,,,1,0,-1,,,2
Untitled Polygon,,,,,,1,0,-1,,,2
Untitled Polygon,,,,,,1,0,-1,,,2
Untitled Polygon,,,,,,1,0,-1,,,2
Untitled Polygon,,,,,,1,0,-1,,,2
Untitled Polygon,,,,,,1,0,-1,,,2
Untitled Polygon,,,,,,1,0,-1,,,2
Untitled Polygon,,,,,,1,0,-1,,,2
Untitled Polygon,,,,,,1,0,-1,,,2
Untitled Polygon,,,,,,1,0,-1,,,2
Untitled Polygon,,,,,,1,0,-1,,,2
Untitled Polygon,,,,,,1,0,-1,,,2
Untitled Polygon,,,,,,1,0,-1,,,2
Untitled Polygon,,,,,,1,0,-1,,,2
Untitled Polygon,,,,,,1,0,-1,,,2
Untitled Polygon,,,,,,1,0,-1,,,2
Untitled Polygon,,,,,,1,0,-1,,,2
Untitled Polygon,,,,,,1,0,-1,,,2
Untitled Polygon,,,,,,1,0,-1,,,2
Untitled Polygon,,,,,,1,0,-1,,,2
Untitled Polygon,,,,,,1,0,-1,,,2
Untitled Polygon,,,,,,1,0,-1,,,2
Untitled Polygon,,,,,,1,0,-1,,,2
Untitled Polygon,,,,,,1,0,-1,,,2
Untitled Polygon,,,,,,1,0,-1,,,2
Untitled Polygon,,,,,,1,0,-1,,,2
Untitled Polygon,,,,,,1,0,-1,,,2
Untitled Polygon,,,,,,1,0,-1,,,2
Untitled Polygon,,,,,,1,0,-1,,,2
Untitled Polygon,,,,,,1,0,-1,,,2
Untitled Polygon,,,,,,1,0,-1,,,2
Untitled Polygon,,,,,,1,0,-1,,,2
Untitled Polygon,,,,,,1,0,-1,,,2
Untitled Polygon,,,,,,1,0,-1,,,2
Untitled Polygon,,,,,,1,0,-1,,,2
Untitled Polygon,,,,,,1,0,-1,,,2
Untitled Polygon,,,,,,1,0,-1,,,2
Untitled Polygon,,,,,,1,0,-1,,,2
Untitled Polygon,,,,,,1,0,-1,,,2
Untitled Polygon,,,,,,1,0,-1,,,2
Untitled Polygon,,,,,,1,0,-1,,,2
Untitled Polygon,,,,,,1,0,-1,,,2
Untitled Polygon,,,,,,1,0,-1,,,2
Untitled Polygon,,,,,,1,0,-1,,,2
Untitled Polygon,,,,,,1,0,-1,,,2
Untitled Polygon,,,,,,1,0,-1,,,2
Untitled Polygon,,,,,,1,0,-1,,,2
Untitled Polygon,,,,,,1,0,-1,,,2
Untitled Polygon,,,,,,1,0,-1,,,2
Untitled Polygon,,,,,,1,0,-1,,,2
Untitled Polygon,,,,,,1,0,-1,,,2
Untitled Polygon,,,,,,1,0,-1,,,2
Untitled Polygon,,,,,,1,0,-1,,,2
Untitled Polygon,,,,,,1,0,-1,,,2
Untitled Polygon,,,,,,1,0,-1,,,2
Untitled Polygon,,,,,,1,0,-1,,,2
Untitled Polygon,,,,,,1,0,-1,,,2
Untitled Polygon,,,,,,1,0,-1,,,2
Untitled Polygon,,,,,,1,0,-1,,,2
Untitled Polygon,,,,,,1,0,-1,,,2
Untitled Polygon,,,,,,1,0,-1,,,2
Untitled Polygon,,,,,,1,0,-1,,,2
Untitled Polygon,,,,,,1,0,-1,,,2
Untitled Polygon,,,,,,1,0,-1,,,2
Untitled Polygon,,,,,,1,0,-1,,,2
Untitled Polygon,,,,,,1,0,-1,,,2
Untitled Polygon,,,,,,1,0,-1,,,2
Untitled Polygon,,,,,,1,0,-1,,,2
Untitled Polygon,,,,,,1,0,-1,,,2
Untitled Polygon,,,,,,1,0,-1,,,2
Untitled Polygon,,,,,,1,0,-1,,,2
Untitled Polygon,,,,,,1,0,-1,,,2
Untitled Polygon,,,,,,1,0,-1,,,2
Untitled Polygon,,,,,,1,0,-1,,,2
Untitled Polygon,,,,,,1,0,-1,,,2
Untitled Polygon,,,,,,1,0,-1,,,2
Untitled Polygon,,,,,,1,0,-1,,,2
Untitled Polygon,,,,,,1,0,-1,,,2
Untitled Polygon,,,,,,1,0,-1,,,2
Untitled Polygon,,,,,,1,0,-1,,,2
Untitled Polygon,,,,,,1,0,-1,,,2
Untitled Polygon,,,,,,1,0,-1,,,2
Untitled Polygon,,,,,,1,0,-1,,,2
Untitled Polygon,,,,,,1,0,-1,,,2
Untitled Polygon,,,,,,1,0,-1,,,2
Untitled Polygon,,,,,,1,0,-1,,,2
Untitled Polygon,,,,,,1,0,-1,,,2
Untitled Polygon,,,,,,1,0,-1,,,2
Untitled Polygon,,,,,,1,0,-1,,,2
Untitled Polygon,,,,,,1,0,-1,,,2
Untitled Polygon,,,,,,1,0,-1,,,2
Untitled Polygon,,,,,,1,0,-1,,,2
Untitled Polygon,,,,,,1,0,-1,,,2
Untitled Polygon,,,,,,1,0,-1,,,2
Untitled Polygon,,,,,,1,0,-1,,,2
Untitled Polygon,,,,,,1,0,-1,,,2
Untitled Polygon,,,,,,1,0,-1,,,2
Untitled Polygon,,,,,,1,0,-1,,,2
Untitled Polygon,,,,,,1,0,-1,,,2
Untitled Polygon,,,,,,1,0,-1,,,2
Untitled Polygon,,,,,,1,0,-1,,,2
Untitled Polygon,,,,,,1,0,-1,,,2
Untitled Polygon,,,,,,1,0,-1,,,2
Untitled Polygon,,,,,,1,0,-1,,,2
Untitled Polygon,,,,,,1,0,-1,,,2
Untitled Polygon,,,,,,1,0,-1,,,2
Untitled Polygon,,,,,,1,0,-1,,,2
Untitled Polygon,,,,,,1,0,-1,,,2
Untitled Polygon,,,,,,1,0,-1,,,2
Untitled Polygon,,,,,,1,0,-1,,,2
Untitled Polygon,,,,,,1,0,-1,,,2
Untitled Polygon,,,,,,1,0,-1,,,2
Untitled Polygon,,,,,,1,0,-1,,,2
Untitled Polygon,,,,,,1,0,-1,,,2
Untitled Polygon,,,,,,1,0,-1,,,2
Untitled Polygon,,,,,,1,0,-1,,,2
Untitled Polygon,,,,,,1,0,-1,,,2
Untitled Polygon,,,,,,1,0,-1,,,2
Untitled Polygon,,,,,,1,0,-1,,,2
Untitled Polygon,,,,,,1,0,-1,,,2
Untitled Polygon,,,,,,1,0,-1,,,2
Untitled Polygon,,,,,,1,0,-1,,,2
Untitled Polygon,,,,,,1,0,-1,,,2
Untitled Polygon,,,,,,1,0,-1,,,2
Untitled Polygon,,,,,,1,0,-1,,,2
Untitled Polygon,,,,,,1,0,-1,,,2
Untitled Polygon,,,,,,1,0,-1,,,2
Untitled Polygon,,,,,,1,0,-1,,,2
Untitled Polygon,,,,,,1,0,-1,,,2
Untitled Polygon,,,,,,1,0,-1,,,2
Untitled Polygon,,,,,,1,0,-1,,,2
Untitled Polygon,,,,,,1,0,-1,,,2
Untitled Polygon,,,,,,1,0,-1,,,2
Untitled Polygon,,,,,,1,0,-1,,,2
Untitled Polygon,,,,,,1,0,-1,,,2
Untitled Polygon,,,,,,1,0,-1,,,2
Untitled Polygon,,,,,,1,0,-1,,,2
Untitled Polygon,,,,,,1,0,-1,,,2
Untitled Polygon,,,,,,1,0,-1,,,2
Untitled Polygon,,,,,,1,0,-1,,,2
Untitled Polygon,,,,,,1,0,-1,,,2
Untitled Polygon,,,,,,1,0,-1,,,2
Untitled Polygon,,,,,,1,0,-1,,,2
Untitled Polygon,,,,,,1,0,-1,,,2
Untitled Polygon,,,,,,1,0,-1,,,2
Untitled Polygon,,,,,,1,0,-1,,,2
Untitled Polygon,,,,,,1,0,-1,,,2
Untitled Polygon,,,,,,1,0,-1,,,2
Untitled Polygon,,,,,,1,0,-1,,,2
Untitled Polygon,,,,,,1,0,-1,,,2
Untitled Polygon,,,,,,1,0,-1,,,2
Untitled Polygon,,,,,,1,0,-1,,,2
Untitled Polygon,,,,,,1,0,-1,,,2
Untitled Polygon,,,,,,1,0,-1,,,2
Untitled Polygon,,,,,,1,0,-1,,,2
Untitled Polygon,,,,,,1,0,-1,,,2
Untitled Polygon,,,,,,1,0,-1,,,2
Untitled Polygon,,,,,,1,0,-1,,,2
Untitled Polygon,,,,,,1,0,-1,,,2
Untitled Polygon,,,,,,1,0,-1,,,2
Untitled Polygon,,,,,,1,0,-1,,,2
Untitled Polygon,,,,,,1,0,-1,,,2
Untitled Polygon,,,,,,1,0,-1,,,2
Untitled Polygon,,,,,,1,0,-1,,,2
Untitled Polygon,,,,,,1,0,-1,,,2
Untitled Polygon,,,,,,1,0,-1,,,2
Untitled Polygon,,,,,,1,0,-1,,,2
Untitled Polygon,,,,,,1,0,-1,,,2
Untitled Polygon,,,,,,1,0,-1,,,2
Untitled Polygon,,,,,,1,0,-1,,,2
Untitled Polygon,,,,,,1,0,-1,,,2
Untitled Polygon,,,,,,1,0,-1,,,2
Untitled Polygon,,,,,,1,0,-1,,,2
Untitled Polygon,,,,,,1,0,-1,,,2
Untitled Polygon,,,,,,1,0,-1,,,2
Untitled Polygon,,,,,,1,0,-1,,,2
Untitled Polygon,,,,,,1,0,-1,,,2
Untitled Polygon,,,,,,1,0,-1,,,2
Untitled Polygon,,,,,,1,0,-1,,,2
Untitled Polygon,,,,,,1,0,-1,,,2
Untitled Polygon,,,,,,1,0,-1,,,2
Untitled Polygon,,,,,,1,0,-1,,,2
Untitled Polygon,,,,,,1,0,-1,,,2
1,,,,,,1,0,-1,,,3
Untitled Polygon,,,,,,1,0,-1,,,3
Untitled Polygon,,,,,,1,0,-1,,,3
Untitled Polygon,,,,,,1,0,-1,,,3
Untitled Polygon,,,,,,1,0,-1,,,3
Untitled Polygon,,,,,,1,0,-1,,,3
Untitled Polygon,,,,,,1,0,-1,,,3
Untitled Polygon,,,,,,1,0,-1,,,3
Untitled Polygon,,,,,,1,0,-1,,,3
10,,,,,,1,0,-1,,,3
Untitled Polygon,,,,,,1,0,-1,,,3
Untitled Polygon,,,,,,1,0,-1,,,3
Untitled Polygon,,,,,,1,0,-1,,,3
Untitled Polygon,,,,,,1,0,-1,,,3
Untitled Polygon,,,,,,1,0,-1,,,3
Untitled Polygon,,,,,,1,0,-1,,,3
Untitled Polygon,,,,,,1,0,-1,,,3
Untitled Polygon,,,,,,1,0,-1,,,3
Untitled Polygon,,,,,,1,0,-1,,,3
20,,,,,,1,0,-1,,,3
Untitled Polygon,,,,,,1,0,-1,,,3
Untitled Polygon,,,,,,1,0,-1,,,3
Untitled Polygon,,,,,,1,0,-1,,,3
Untitled Polygon,,,,,,1,0,-1,,,3
Untitled Polygon,,,,,,1,0,-1,,,3
Untitled Polygon,,,,,,1,0,-1,,,3
Untitled Polygon,,,,,,1,0,-1,,,3
Untitled Polygon,,,,,,1,0,-1,,,3
Untitled Polygon,,,,,,1,0,-1,,,3
30,,,,,,1,0,-1,,,3
Untitled Polygon,,,,,,1,0,-1,,,3
Untitled Polygon,,,,,,1,0,-1,,,3
Untitled Polygon,,,,,,1,0,-1,,,3
Untitled Polygon,,,,,,1,0,-1,,,3
Untitled Polygon,,,,,,1,0,-1,,,3
Untitled Polygon,,,,,,1,0,-1,,,3
Untitled Polygon,,,,,,1,0,-1,,,3
Untitled Polygon,,,,,,1,0,-1,,,3
Untitled Polygon,,,,,,1,0,-1,,,3
40,,,,,,1,0,-1,,,3
Untitled Polygon,,,,,,1,0,-1,,,3
Untitled Polygon,,,,,,1,0,-1,,,3
Untitled Polygon,,,,,,1,0,-1,,,3
Untitled Polygon,,,,,,1,0,-1,,,3
Untitled Polygon,,,,,,1,0,-1,,,3
Untitled Polygon,,,,,,1,0,-1,,,3
Untitled Polygon,,,,,,1,0,-1,,,3
Untitled Polygon,,,,,,1,0,-1,,,3
Untitled Polygon,,,,,,1,0,-1,,,3
50,,,,,,1,0,-1,,,3
Untitled Polygon,,,,,,1,0,-1,,,3
Untitled Polygon,,,,,,1,0,-1,,,3
Untitled Polygon,,,,,,1,0,-1,,,3
Untitled Polygon,,,,,,1,0,-1,,,3
Untitled Polygon,,,,,,1,0,-1,,,3
Untitled Polygon,,,,,,1,0,-1,,,3
Untitled Polygon,,,,,,1,0,-1,,,3
Untitled Polygon,,,,,,1,0,-1,,,3
60,,,,,,1,0,-1,,,3
Untitled Polygon,,,,,,1,0,-1,,,3
Untitled Polygon,,,,,,1,0,-1,,,3
Untitled Polygon,,,,,,1,0,-1,,,3
Untitled Polygon,,,,,,1,0,-1,,,3
Untitled Polygon,,,,,,1,0,-1,,,3
Untitled Polygon,,,,,,1,0,-1,,,3
Untitled Polygon,,,,,,1,0,-1,,,3
Untitled Polygon,,,,,,1,0,-1,,,3
Untitled Polygon,,,,,,1,0,-1,,,3
70,,,,,,1,0,-1,,,3
Untitled Polygon,,,,,,1,0,-1,,,3
Untitled Polygon,,,,,,1,0,-1,,,3
Untitled Polygon,,,,,,1,0,-1,,,3
Untitled Polygon,,,,,,1,0,-1,,,3
Untitled Polygon,,,,,,1,0,-1,,,3
Untitled Polygon,,,,,,1,0,-1,,,3
Untitled Polygon,,,,,,1,0,-1,,,3
Untitled Polygon,,,,,,1,0,-1,,,3
80,,,,,,1,0,-1,,,3
Untitled Polygon,,,,,,1,0,-1,,,3
Untitled Polygon,,,,,,1,0,-1,,,3
Untitled Polygon,,,,,,1,0,-1,,,3
Untitled Polygon,,,,,,1,0,-1,,,3
Untitled Polygon,,,,,,1,0,-1,,,3
Untitled Polygon,,,,,,1,0,-1,,,3
Untitled Polygon,,,,,,1,0,-1,,,3
Untitled Polygon,,,,,,1,0,-1,,,3
Untitled Polygon,,,,,,1,0,-1,,,3
90,,,,,,1,0,-1,,,3
Untitled Polygon,,,,,,1,0,-1,,,3
Untitled Polygon,,,,,,1,0,-1,,,3
Untitled Polygon,,,,,,1,0,-1,,,3
Untitled Polygon,,,,,,1,0,-1,,,3
Untitled Polygon,,,,,,1,0,-1,,,3
Untitled Polygon,,,,,,1,0,-1,,,3
Untitled Polygon,,,,,,1,0,-1,,,3
Untitled Polygon,,,,,,1,0,-1,,,3
Untitled Polygon,,,,,,1,0,-1,,,3
100,,,,,,1,0,-1,,,3
Untitled Polygon,,,,,,1,0,-1,,,3
Untitled Polygon,,,,,,1,0,-1,,,3
Untitled Polygon,,,,,,1,0,-1,,,3
Untitled Polygon,,,,,,1,0,-1,,,3
Untitled Polygon,,,,,,1,0,-1,,,3
Untitled Polygon,,,,,,1,0,-1,,,3
Untitled Polygon,,,,,,1,0,-1,,,3
Untitled Polygon,,,,,,1,0,-1,,,3
110,,,,,,1,0,-1,,,3
Untitled Polygon,,,,,,1,0,-1,,,3
Untitled Polygon,,,,,,1,0,-1,,,3
Untitled Polygon,,,,,,1,0,-1,,,3
Untitled Polygon,,,,,,1,0,-1,,,3
Untitled Polygon,,,,,,1,0,-1,,,3
Untitled Polygon,,,,,,1,0,-1,,,3
Untitled Polygon,,,,,,1,0,-1,,,3
Untitled Polygon,,,,,,1,0,-1,,,3
Untitled Polygon,,,,,,1,0,-1,,,3
120,,,,,,1,0,-1,,,3
Untitled Polygon,,,,,,1,0,-1,,,3
Untitled Polygon,,,,,,1,0,-1,,,3
Untitled Polygon,,,,,,1,0,-1,,,3
Untitled Polygon,,,,,,1,0,-1,,,3
Untitled Polygon,,,,,,1,0,-1,,,3
Untitled Polygon,,,,,,1,0,-1,,,3
Untitled Polygon,,,,,,1,0,-1,,,3
Untitled Polygon,,,,,,1,0,-1,,,3
Untitled Polygon,,,,,,1,0,-1,,,3
130,,,,,,1,0,-1,,,3
Untitled Polygon,,,,,,1,0,-1,,,3
Untitled Polygon,,,,,,1,0,-1,,,3
Untitled Polygon,,,,,,1,0,-1,,,3
Untitled Polygon,,,,,,1,0,-1,,,3
Untitled Polygon,,,,,,1,0,-1,,,3
Untitled Polygon,,,,,,1,0,-1,,,3
Untitled Polygon,,,,,,1,0,-1,,,3
Untitled Polygon,,,,,,1,0,-1,,,3
Untitled Polygon,,,,,,1,0,-1,,,3
140,,,,,,1,0,-1,,,3
Untitled Polygon,,,,,,1,0,-1,,,3
Untitled Polygon,,,,,,1,0,-1,,,3
Untitled Polygon,,,,,,1,0,-1,,,3
Untitled Polygon,,,,,,1,0,-1,,,3
Untitled Polygon,,,,,,1,0,-1,,,3
Untitled Polygon,,,,,,1,0,-1,,,3
Untitled Polygon,,,,,,1,0,-1,,,3
Untitled Polygon,,,,,,1,0,-1,,,3
Untitled Polygon,,,,,,1,0,-1,,,3
150,,,,,,1,0,-1,,,3
Untitled Polygon,,,,,,1,0,-1,,,3
Untitled Polygon,,,,,,1,0,-1,,,3
Untitled Polygon,,,,,,1,0,-1,,,3
Untitled Polygon,,,,,,1,0,-1,,,3
Untitled Polygon,,,,,,1,0,-1,,,3
Untitled Polygon,,,,,,1,0,-1,,,3
Untitled Polygon,,,,,,1,0,-1,,,3
Untitled Polygon,,,,,,1,0,-1,,,3
Untitled Polygon,,,,,,1,0,-1,,,3
160,,,,,,1,0,-1,,,3
Untitled Polygon,,,,,,1,0,-1,,,3
Untitled Polygon,,,,,,1,0,-1,,,3
Untitled Polygon,,,,,,1,0,-1,,,3
Untitled Polygon,,,,,,1,0,-1,,,3
Untitled Polygon,,,,,,1,0,-1,,,3
Untitled Polygon,,,,,,1,0,-1,,,3
Untitled Polygon,,,,,,1,0,-1,,,3
Untitled Polygon,,,,,,1,0,-1,,,3
Untitled Polygon,,,,,,1,0,-1,,,3
170,,,,,,1,0,-1,,,3
Untitled Polygon,,,,,,1,0,-1,,,3
Untitled Polygon,,,,,,1,0,-1,,,3
Untitled Polygon,,,,,,1,0,-1,,,3
Untitled Polygon,,,,,,1,0,-1,,,3
Untitled Polygon,,,,,,1,0,-1,,,3
