mean_Blue,mean_Green,mean_Red,mean_NIR,mean_SWIR1,mean_SWIR2,mean_NDVI,mean_NDBI,class
0.13940696031778904,0.19022271061410329,0.21641311521047868,0.26498793933364345,0.2873992422082101,0.255278993391874,0.10142817038307377,0.03967626176494953,1
0.1494655250156838,0.207252684321577,0.2395038485078321,0.2875922764260018,0.31910560062269644,0.2859768741851768,0.09215551397881215,0.05099743851454674,1
0.1543646564054336,0.21526883729401125,0.249654518446355,0.2990527628319056,0.3324161051170619,0.2984896840773211,0.09003427020989814,0.05273695697355117,1
0.14160386697987307,0.1939325864014388,0.22154486424062958,0.27315953050540687,0.2960576703471522,0.2622954069344529,0.10489424093028317,0.039394834524026014,1
0.14024177577852787,0.1936641254491507,0.22096158070846716,0.27579072958916323,0.29470314796793334,0.2616720166355891,0.11134714531981571,0.032327236614160836,1
0.14963959323035347,0.2074483765496148,0.24080591731601292,0.2879852188958062,0.3227153884039985,0.289879666434394,0.08950913614696926,0.0568306909667121,1
0.14151915108285298,0.19445061102146055,0.22087341401635147,0.26816737942579316,0.2905188304621999,0.2563530991717083,0.09712804236063143,0.039793753042453674,1
0.14862648321657765,0.20423091187769052,0.23257387900839047,0.2822265235745177,0.30754505858129383,0.27285182719327966,0.09684981132040218,0.042453765869140625,1
0.14772861144121954,0.2029850202448228,0.23366852367625518,0.2888990290024701,0.31412141463335824,0.2790791567634134,0.10581190445843865,0.0408323091619155,1
0.14184993921324265,0.19594372150509856,0.22319749344226925,0.2742336628048919,0.29882058431935865,0.26455684040868005,0.10263258911842524,0.042794795923454816,1
0.1386953325413946,0.1904926157709378,0.21550776353522913,0.2674938315775857,0.2855908977451609,0.25223791777197996,0.10779951579535185,0.03253145360234958,1
0.15111796061197916,0.2141922668174461,0.253359388422083,0.3073133539270472,0.34487992745858653,0.304605625293873,0.09629842087074562,0.057349558229799626,1
0.14363828301429749,0.20033355553944907,0.22828098138173422,0.2995203137397766,0.3092856804529826,0.2677566607793172,0.13516239325205484,0.015864233175913494,1
0.15170750473484848,0.21211333708329635,0.2453074888749556,0.30809749256480823,0.34207416303230054,0.2968341653997248,0.11423858006795247,0.05235409736633301,1
0.15327970371689909,0.21567145059275072,0.24890167768611465,0.29798214934593026,0.33272871860238007,0.3005658748537995,0.08998490488806436,0.05488175015116847,1
0.14969242320341222,0.2052610341240378,0.23643754510318532,0.2814016342163086,0.3134634354535271,0.28168756821576285,0.08681967679192037,0.05388612256330602,1
0.14989429201398577,0.21016956056867328,0.2435647691999163,0.30128255571637835,0.335454831804548,0.2964449201311384,0.10705253737313407,0.052024034091404506,1
0.1299302855203318,0.1777527831321539,0.2008425468622252,0.2527958182401435,0.2677935666816179,0.23531157471412836,0.11549345282621162,0.028023972067722055,1
0.13589049577713014,0.1849738597869873,0.21224288940429686,0.25701427459716797,0.28663313388824463,0.2547482490539551,0.09543952941894532,0.0542500376701355,1
0.13290628572789634,0.18305822698081411,0.20615689347429975,0.2707087819169207,0.27869247808689024,0.2409913365433856,0.13582662256752573,0.01436534451275337,1
0.1567109166359415,0.21867401745854592,0.2533408768323003,0.30489664661641025,0.3354407329948581,0.30051402656399473,0.09242070451074717,0.04757259816539531,1
0.15951013565063477,0.22234975374661958,0.25949538671053374,0.308564883012038,0.3474419667170598,0.31299767127403844,0.08655493076031025,0.05924117106657762,1
0.13610748291015626,0.18437932968139648,0.2078142738342285,0.25812854766845705,0.27621889114379883,0.24276210784912108,0.10788478851318359,0.03358409881591797,1
0.1443386179335574,0.1984299598856175,0.22611893998815658,0.2745458318832073,0.2970244630854181,0.2627202703597698,0.09714699806051051,0.03886481295240686,1
0.15800033077116934,0.22182870680286038,0.25992418104602444,0.3105889597246724,0.3484795170445596,0.31322362346033894,0.08875007014120778,0.057334446137951266,1
0.13857356538163854,0.19239691470531708,0.22052415888360205,0.28063212049768327,0.29765989425334527,0.25879419610855425,0.12105512619018555,0.028563697287376892,1
0.13620541312477805,0.18822584730206113,0.21433916958895596,0.2757608240300959,0.29333042375969165,0.2555787635572029,0.13019995255903763,0.02649579264900901,1
0.15643375570123846,0.21692708044341116,0.2522970835367839,0.3025225148056493,0.3373808427290483,0.3023974967725349,0.09073664925315163,0.05381291924100934,1
0.12715853815493378,0.17237331556237262,0.19469912155814792,0.2537804893825365,0.26062617094620416,0.2276112514993419,0.1353166207023289,0.010899287203083868,1
0.139230834113227,0.19221925735473633,0.22199362295645256,0.27476204766167533,0.29536462713170936,0.26150297235559533,0.10698051805849429,0.034504188431633845,1
0.11788067946562895,0.16179296132680532,0.18167622024948532,0.24522129265037743,0.2478657542048274,0.21168541263889623,0.15050189559524124,0.004364389825511623,1
0.15092469234855807,0.20831719223333864,0.23884891977115552,0.29086712428501676,0.3152618797457948,0.28054902991470027,0.09821107436199578,0.04035070477699747,1
0.14865981615506685,0.2055643521822416,0.2360378901163737,0.28319192544007915,0.3114252579517854,0.2780134739019932,0.0908661622267503,0.04738804010244516,1
0.13894763745759664,0.19482293881868062,0.22249733774285568,0.29769536068564967,0.3089692718104312,0.2645592940481086,0.14489294353284335,0.018648836173509296,1
0.1429858352198745,0.1950020934596206,0.22167416774865353,0.2664074753270005,0.29085165081602155,0.2595408179543235,0.09133500041383685,0.0433133551568696,1
0.13830663390078787,0.18986236442953852,0.21612067141775357,0.264770055221299,0.2860221862792969,0.2523234739141949,0.10184606455140195,0.03765251676915055,1
0.1504983525527151,0.20812894168652987,0.23760316246434263,0.2839319580479672,0.3127664515846654,0.27980696527581467,0.08915297608626516,0.04798518042815359,1
0.13688105243747517,0.18934405052055747,0.21641105716511355,0.27078974449028403,0.29271982483944653,0.2581136347883839,0.11157824629444187,0.0387177871445478,1
0.1380836248397827,0.188067626953125,0.21559374332427977,0.26290202140808105,0.28937625885009766,0.2583108901977539,0.09925564527511596,0.04777547419071197,1
0.13410018130046567,0.18177646543921494,0.20578396029588653,0.24170701096697553,0.26917950699969034,0.2431034925507336,0.08144896204878645,0.05206620983961152,1
0.13164537894625625,0.18191630900407038,0.20792783208254004,0.26257264914632844,0.2833739849699645,0.24903456102900146,0.11702031047404313,0.0374103834649094,1
0.1319657039642334,0.18254150390625,0.20437320709228515,0.26290748596191404,0.2722464942932129,0.23530628204345702,0.12547012329101562,0.01759574770927429,1
0.13408073177182578,0.18618651909556816,0.21372520632860137,0.28367940390982277,0.2973558379382622,0.2549537410581015,0.1426754463009718,0.022610309647350776,1
0.14433845208615673,0.19678121683548908,0.22458119295081314,0.26976145530233575,0.29478224929498165,0.2624181046777842,0.09170748262989278,0.04368134420745227,1
0.11698109929154558,0.1601443639615687,0.17730637294490162,0.2553520667843702,0.24446706074040112,0.20333880912966845,0.1826474608444586,-0.023701502055656617,1
0.15480106217520578,0.21966767311096191,0.25799286365509033,0.3185341017586844,0.35898269925798687,0.3212251663208008,0.10518607071467809,0.059427814824240546,1
0.14544500004161487,0.2097956267270175,0.24814499508250842,0.32378188046542083,0.34763000228188257,0.30264750393954193,0.135928598317233,0.03235062144019387,1
0.14559425191676362,0.20779983033525182,0.2458171438663564,0.30084579548937207,0.33659754408166764,0.2953750529187791,0.10061426365629156,0.0557780773081678,1
0.1431050762053459,0.20419411505422286,0.24182830318327872,0.3091890888829385,0.34550242270192794,0.2971095423544607,0.12242629451136436,0.05508838161345451,1
0.1510535346137153,0.21949874030219185,0.2630106078253852,0.329006830851237,0.36861901813083225,0.3216146363152398,0.11141906844245063,0.05666818883683947,1
0.1177556316057841,0.16250442465146384,0.18651652336120605,0.25418885548909503,0.2630587617556254,0.21766942739486694,0.15402308106422424,0.0174099604288737,1
0.15786012013753256,0.22321713159954737,0.2605503627232143,0.3108220781598772,0.3447029779827784,0.30307103717137895,0.08809994137476361,0.051635556750827365,1
0.1487037485296076,0.2099562558260831,0.2496699853376909,0.2968837564641779,0.35002248937433417,0.3090749870647084,0.086297945542769,0.08219689672643488,1
0.14917965822441634,0.20830912922703942,0.24247499953868779,0.29438158523204716,0.32405981906624726,0.2883872098700945,0.0967973553857138,0.04796300932418469,1
0.1392556010065852,0.19440723109889674,0.2208644506093618,0.2919096044591955,0.3005683744275892,0.25563188501306483,0.13792383348619616,0.015774554497486836,1
0.1430556277434031,0.19745693604151407,0.22621734937032065,0.27769045035044354,0.3009611964225769,0.2638889153798421,0.10243274768193562,0.03963830570379893,1
0.1498495101928711,0.20611451466878256,0.23505182266235353,0.2841425577799479,0.31054805119832357,0.27706816991170247,0.09474809169769287,0.04401610294977824,1
0.14398782341568558,0.20255111764978478,0.23350696210507993,0.2865136817649559,0.31004100375705296,0.2691286228321217,0.10391279503151223,0.03829446103837755,1
0.14019664804986182,0.19319791996732671,0.21844060370262633,0.2744095376197328,0.2909967138412151,0.2550892931349734,0.11433258462459484,0.029214661172095764,1
0.14740396227155414,0.20532800129481724,0.23674872262137278,0.2898936407906669,0.3151354925973075,0.2790012904575893,0.10173388889857701,0.040910557338169645,1
0.15234099796840123,0.21331007821219308,0.24821466718401228,0.30135955810546877,0.33385985238211496,0.2998973573957171,0.09661610467093332,0.05129776682172503,1
0.14798879623413086,0.20534811348750673,0.23680289038296404,0.28868967911292764,0.3173632128485318,0.28240358418431777,0.09894995853818696,0.047069134383366025,1
0.13761120531932416,0.18959083327327866,0.2153427859386766,0.2788260356489434,0.287614110004471,0.24936225615352034,0.1298283036932888,0.014747803469738328,1
0.13278601283118838,0.18270047505696616,0.20647684733072916,0.2589121318998791,0.2743894032069615,0.24043673560732887,0.11306577637082055,0.028824164753868467,1
0.1354625622431437,0.188165545463562,0.21289952596028647,0.2682172987196181,0.28593646155463326,0.24852728843688965,0.11644044187333849,0.031046569347381592,1
0.1375029720837557,0.1921332878402517,0.2211635444737688,0.2827764342102823,0.3026387178445164,0.2665336705461333,0.12295256988911689,0.032932972606224346,1
0.12593520654214396,0.17099060883393158,0.1951229765608504,0.24222154875059385,0.25901513486295136,0.22677993774414062,0.10795670586663324,0.03298170824308653,1
0.1391975306257417,0.1936132455173927,0.2212395969825455,0.283354795431789,0.30439507206784017,0.26622158967995946,0.124084243291541,0.03524153443831432,1
0.1272337193391761,0.1764323565424705,0.2028688314009686,0.2701652682557398,0.28270526808135366,0.24002190025485293,0.14044317907216597,0.023916787030745526,1
0.1338338290943819,0.18497089311188342,0.20830328324261835,0.2706705916161631,0.28370990005193975,0.248140017191569,0.13060603422277114,0.02354870123021743,1
0.12125447591145834,0.16559651692708333,0.1855636233375186,0.2584986005510603,0.25617784772600444,0.2171132042294457,0.16823608761742,-0.007336042040870303,1
0.13135351240634918,0.1800285279750824,0.20470288395881653,0.25786641240119934,0.2721096873283386,0.23954710364341736,0.11540530622005463,0.025843465700745583,1
0.14258700747822606,0.1958903157433798,0.22280706361282704,0.27336420014847157,0.29476338763569676,0.26079750061035156,0.102424843366756,0.036851866300715956,1
0.15227253096444265,0.21328817095075334,0.24746770518166677,0.29454333441598074,0.3291714532034738,0.29682087898254395,0.08827606269291469,0.05407326562064035,1
0.1475022236506144,0.20578694343566895,0.2353204091389974,0.28980705473158097,0.31446848975287545,0.28018665313720703,0.10491396321190728,0.04010125663545397,1
0.16068871076716934,0.22563348814498546,0.26284674711005634,0.31046330651571585,0.34842034273369366,0.31139063280682233,0.08297398478485817,0.057509810425514396,1
0.151937080152107,0.2120179118532123,0.2459028995398319,0.28880165562485205,0.3287591645211885,0.2965421098651308,0.0802477417570172,0.06461640560265744,1
0.14798596030787417,0.2012843416448225,0.2287882085432086,0.276337138393469,0.3011310644317092,0.26798920882375615,0.09415019185919511,0.04286602505466394,1
0.15498717625935873,0.21269631385803223,0.24444696638319227,0.29439767201741535,0.32502198219299316,0.29065844747755265,0.09273009830050999,0.04944749342070685,1
0.14005125136602492,0.19137016932169595,0.21736553737095424,0.266377744220552,0.2856473922729492,0.2508827845255534,0.10095236414954775,0.03495708249864124,1
0.1431771952931474,0.19493756643155727,0.2229305360375381,0.27421537259729895,0.29217287389243524,0.2589682834904368,0.1034660106751977,0.03175675287479308,1
0.1518541211667268,0.2074083245318869,0.23637180743010147,0.2873609791631284,0.3126902787581734,0.27814608034880267,0.09735203825909158,0.04221750083176986,1
0.14818580945332846,0.20604209105173746,0.23738205432891846,0.28954124450683594,0.3227108319600423,0.28606565793355304,0.1000623106956482,0.053267329931259155,1
0.1621572129866656,0.22454379586612477,0.2599791638991412,0.30494246763341565,0.34334460426779356,0.3113592652713551,0.07965843817766975,0.05897371207966524,1
0.14967517852783202,0.20863978068033853,0.24259906344943577,0.30031759474012587,0.335366948445638,0.29708985222710504,0.10699047512478299,0.0538334846496582,1
0.15086658795674643,0.21362789471944174,0.25192983945210773,0.31484966807895237,0.35644645161098903,0.3115953074561225,0.11131572723388672,0.06167524390750461,1
0.11109053058388793,0.15174401836630738,0.16776259151505835,0.23866573380835263,0.22790678047839505,0.18794726148063753,0.17831135973518278,-0.025635436729148583,1
0.13920005162556967,0.19302213759649367,0.21998425892421178,0.2820907093229748,0.2973185039701916,0.2575522150312151,0.12716537430172875,0.02446950049627395,1
0.15061096350351968,0.2109648585319519,0.2436170975367228,0.29781760772069293,0.3274027307828267,0.291873296101888,0.1006385087966919,0.04690349598725637,1
0.14149932329663,0.19599175536258712,0.22550491173508275,0.28885121627967114,0.3101774209052428,0.27198278447061464,0.12293735198442944,0.03566093311907938,1
0.1410342433996368,0.19617657912404915,0.22507593924539132,0.2895299342640659,0.3044404816209224,0.2656702911644651,0.1314026347377844,0.02089108709703412,1
0.1463298391788564,0.20178915794859542,0.23249613985102227,0.2786143201462766,0.3090315473840592,0.2767087571164395,0.09056309639139379,0.050990185839064575,1
0.15008831024169922,0.2100264641546434,0.24252469052550613,0.2986012940765709,0.32702361896473875,0.28860401850874706,0.1050088123608661,0.04466591086438907,1
0.14294239598461705,0.2081472445756961,0.24893749269664797,0.3122549464559963,0.343143560947516,0.30258553659814036,0.11301325936602731,0.04687646719125601,1
0.14871105705339885,0.21600015384634746,0.25841223333299773,0.3168227992106959,0.35328497345914545,0.3165832598184802,0.10186625018562238,0.054144372645112654,1
0.14495238851993641,0.20906454451540682,0.2484901915205286,0.3026201369914603,0.3383897416135098,0.3022023464771027,0.09875059127807617,0.05524867646237637,1
0.14779739379882811,0.21255560980902777,0.252176390753852,0.31410395304361977,0.3491365008884006,0.309140502081977,0.1097087648179796,0.052369276682535805,1
0.14052244333120492,0.20345513637249285,0.241852540236253,0.30402106505173904,0.3332133659949669,0.2957092065077562,0.11442449459662804,0.04523176871813261,1
0.15696910276251325,0.23420448626502086,0.2847900390625,0.36352629580740203,0.4225440591068591,0.3621195776987884,0.1215112734649141,0.0751397892580194,1
0.14952829343463303,0.21614286440228103,0.2543900516055046,0.31102444709987814,0.34293274485736813,0.3033102892954415,0.10066800598704487,0.048508180390804186,1
0.15037083876760382,0.21919089869449013,0.26012651543868215,0.31911054912366366,0.3541825947008635,0.31296330502158715,0.10206722460295024,0.05180680124383224,1
0.1497028564738336,0.21793524127140224,0.2578562442387376,0.3139533996582031,0.35098380685966707,0.31261797040422384,0.09835966948036835,0.05528460261977722,1
0.13765278702262063,0.19755746133672367,0.23071329848571392,0.28238961081834707,0.31130319271447526,0.27610975541408705,0.1032103532515232,0.04559053265073764,1
0.1450012431425207,0.2110898214228013,0.2492513376123765,0.30905978819903207,0.3397219040814568,0.2989321035497329,0.10756234561695772,0.04651431125753066,1
0.1453353058208119,0.2111034393310547,0.2513771924105557,0.31237220764160156,0.3477893742648038,0.3061165592887185,0.10885753414847633,0.0532067363912409,1
0.14584310999456443,0.21055838746844596,0.24715934609467127,0.30720116957178656,0.3353103421769052,0.2952882298883402,0.10877934941705668,0.04344952781245394,1
0.15057986821883765,0.22154113573905748,0.26582955091427535,0.3203563934717423,0.3656559724074144,0.3275240629147261,0.09312211550199069,0.0659797680683625,1
0.15329572266223385,0.22282733169256472,0.26428978115904567,0.32169603833965227,0.35796718971402036,0.3175521551393995,0.09821714139452167,0.052871330111634494,1
0.1708348212034806,0.2483151684636655,0.29496441716733185,0.33894171922103217,0.3852842994358229,0.34817272683848505,0.06942997289740521,0.06384517317232878,1
0.16088984733404116,0.2387145286382631,0.2875334273937137,0.363034070924271,0.41864128999931866,0.3618736045305119,0.11614489000897076,0.07111131313235261,1
0.16400012635348135,0.2415675113075658,0.29200202540347453,0.3655423281485574,0.4247864840323465,0.36919065107379045,0.11192002212792113,0.07490207437883344,1
0.16657309696592135,0.24205965831361967,0.29307881717024176,0.36607232587090854,0.42579854767898034,0.3694642823317955,0.1108328309552423,0.07539885619591022,1
0.1628589215485946,0.23934119680653448,0.28971400468245795,0.35909528317658795,0.4147876241932745,0.3625531403914742,0.10694021764008896,0.07189892167630403,1
0.16552914679050446,0.2423323392868042,0.29273900389671326,0.36836227774620056,0.4266648292541504,0.36956366896629333,0.11445987969636917,0.07334215939044952,1
0.1583430191566204,0.23407329362014245,0.28356522527234307,0.3607259289971713,0.4139730848115066,0.3572561987515154,0.11984424755491059,0.06869986550561313,1
0.16817663455831594,0.2456820586632038,0.2968154775685278,0.36785129020954,0.43139385354929954,0.37319670052363957,0.10714860620169804,0.07943401665523134,1
0.14331527856680062,0.19646431849553034,0.22437469775860125,0.2627689288212703,0.2973517637986403,0.26880466021024263,0.07870841943300687,0.06182586229764498,1
0.1388117926461356,0.18946154912312826,0.21407304491315568,0.26555206662132624,0.28568306423368905,0.2508628254845029,0.10747926575796944,0.03607529117947533,1
0.14252567291259766,0.2106334368387858,0.2519450823465983,0.3411401748657227,0.36434272130330403,0.31213741302490233,0.15498805046081543,0.02979710102081299,1
0.14244881429170309,0.21102006811844676,0.2542189547890111,0.3335629513389186,0.364480922096654,0.31452284361186783,0.13521304883454976,0.04410375419415926,1
0.16086832682291666,0.23617916396169952,0.2846658302075935,0.3532191767837062,0.4083775029037938,0.3588475025061405,0.10740186228896632,0.07243702628395775,1
0.16522405544916788,0.24444295962651572,0.29518963893254596,0.36918755372365314,0.42807936668395996,0.3697816530863444,0.11139793197313945,0.07389697432518005,1
0.14152780378827398,0.200360197458208,0.23290397217555076,0.3038739506502329,0.3300773431055294,0.28815626061480976,0.13300754712975543,0.04064588665221789,1
0.1469521485557852,0.1998775097750878,0.22967066506082698,0.24441214864568192,0.27037344052810075,0.24767377395038456,0.030348707539166592,0.04977723794390065,1
0.15377765515177544,0.21664762975380172,0.25510033955143446,0.2762825241854358,0.3065516749353313,0.2701698992164637,0.03975958808209984,0.05133119155730691,1
0.16100769776564378,0.23374203535226676,0.28182499225323016,0.3410667272714468,0.37523629115178037,0.3295743648822491,0.0956419247847337,0.0470463358438932,1
0.1612264308346411,0.23800912382300765,0.2913095399281864,0.34651633849831126,0.3845501695657922,0.33851840090022856,0.08694735364622425,0.0515507860475232,1
0.15993065927542893,0.23639933268229166,0.2903328315884459,0.3504658119351256,0.3920409258674173,0.3440556245691636,0.09471020044064989,0.05498626185398476,1
0.14868302992832513,0.20398519068588444,0.23309971373758198,0.28066910637749565,0.3103950877248505,0.27711769386574076,0.09280947108327607,0.04957577034279152,1
0.13530726310534355,0.18608261173606938,0.21017213153024006,0.2709525344718216,0.2805878728882879,0.24525037586179554,0.12732908460828993,0.016879493354732156,1
0.14157292048136394,0.19457066853841146,0.21968873341878256,0.28185157775878905,0.29514071146647136,0.25652979214986166,0.12383209864298503,0.023616727193196616,1
0.1658021789236167,0.23044161452460535,0.2695912626600757,0.3183263798349911,0.3704150485009262,0.33060329476582634,0.08232051810038458,0.0751664122355353,1
0.16183201471964517,0.22826438479953343,0.26784374978807235,0.32087673081292045,0.35538313123914933,0.31177576382954914,0.0908513797654046,0.050212466054492526,1
0.1589185230767549,0.22294999592339815,0.2595331846778072,0.3080793636948315,0.34780243261536553,0.31174910246436277,0.08549332262864753,0.06001309494474041,1
0.15983660324760104,0.2228109940238621,0.2582360972528872,0.3051534735638162,0.34249967077504034,0.3051053544749384,0.08324628290922745,0.057422005611917244,1
0.16189349325079666,0.22478018308940687,0.2583938899793123,0.3176404551455849,0.3446628419976485,0.3038369228965358,0.10293198259253251,0.04087198721735101,1
0.15215876389618346,0.21416988426229866,0.24856097224045867,0.29585336637096243,0.31795971867751005,0.28026800930333073,0.08702267451780517,0.03582058433725053,1
0.14993591491992658,0.20832529434790978,0.24244115902827337,0.2790722113389235,0.30457423283503604,0.27126697393564075,0.07006188539358285,0.043372163405785195,1
0.15674361178749485,0.2213264866879112,0.2586875513980263,0.30364990234375,0.3283224808542352,0.29122452986867803,0.08176418605603669,0.03801090842799137,1
0.14550175136990018,0.21082127888997396,0.24997759924994575,0.313521851433648,0.34254688686794704,0.30360230339898003,0.11319959428575303,0.043572552998860675,1
0.14203583626520067,0.19684596288771855,0.22718238830566406,0.280596551441011,0.30056939806256977,0.2625251043410528,0.1055699075971331,0.03377985386621384,1
0.1492434024810791,0.21306760787963866,0.25116060256958006,0.3089138984680176,0.3467770004272461,0.30840240478515624,0.10309757232666016,0.05774098396301269,1
0.15695786476135254,0.22113401549203054,0.25813673223767963,0.31237803186689106,0.3377408981323242,0.2937453133719308,0.09520078556878227,0.038555647645677836,1
0.14056534237331814,0.19700068014639396,0.2269201985111943,0.2944622039794922,0.316802907873083,0.2765734813831471,0.12999151371143483,0.03632227579752604,1
0.14413205214909144,0.1970548289162772,0.22558903694152832,0.28059983253479004,0.29792284965515137,0.2619371584483555,0.10880000250680107,0.029735688652311052,1
0.1337887482209639,0.1824465664950284,0.2069615667516535,0.26464561982588336,0.2761275118047541,0.24173498153686523,0.12394759871742943,0.020094043829224327,1
0.16118719100952147,0.22573848724365234,0.26414884567260744,0.30529489517211916,0.34647449493408206,0.31725521087646485,0.07300092697143555,0.06224520206451416,1
0.15198387145996095,0.21044080098470053,0.24066365559895833,0.29120279947916666,0.32056658426920576,0.2874510701497396,0.09545431137084961,0.047654183705647786,1
0.13614403816961473,0.1882649390928207,0.21364568894909275,0.2664381457913306,0.28521131700085056,0.2513761366567304,0.10962973871538716,0.03402331952125796,1
0.17273210224352384,0.2441481540077611,0.28857080559981496,0.3392532750179893,0.3836571040906404,0.3397453960619475,0.08070918760801617,0.06148880406429893,1
0.14555865067702073,0.2011266304896428,0.23069335864140436,0.28968297518216646,0.3058222990769606,0.2696957588195801,0.11528789080106296,0.026054231020120475,1
0.14641337394714354,0.2023256778717041,0.23184969425201415,0.27809848785400393,0.3096616268157959,0.27765917778015137,0.09064409732818604,0.0537295937538147,1
0.13311437368392945,0.18157418966293334,0.20400524139404297,0.2677736282348633,0.27364349365234375,0.23598980903625488,0.13560693264007567,0.01053386703133583,1
0.13155076814734418,0.18140407230543054,0.20494765820710556,0.2663324604863706,0.2767800455508025,0.23590668388034985,0.1305159796839175,0.018619599549666695,1
0.15304452281887249,0.21209542225983183,0.24506046812413101,0.2948932324425649,0.327848984023272,0.290729134769763,0.09313652070902162,0.05203105635562186,1
0.14823040781141836,0.20602185213113133,0.23597420318217216,0.2992464862292326,0.3199417983429341,0.28212928771972656,0.11927735051022301,0.03272658360155323,1
0.1448511201508191,0.20702075958251953,0.2414793870886978,0.3162479595262177,0.33868824705785633,0.29325964012924505,0.13491148851355728,0.03358122280665806,1
0.14480627828569553,0.20399203229306348,0.2368600759933244,0.3074572833616342,0.3341481223035215,0.28928802262491254,0.12964425158144824,0.04074814070516558,1
0.14584702385796441,0.2084975348578559,0.2448650360107422,0.32466453976101345,0.3533983866373698,0.3028485192192925,0.1412547641330295,0.041467626889546715,1
0.14939158671611064,0.21560081275733742,0.2554420007241739,0.3215043866956556,0.3542257257409998,0.31023574519801783,0.11478221738660657,0.04813714607341869,1
0.14511674245198566,0.21958306630452473,0.26654300689697263,0.3419984181722005,0.3715728441874186,0.32512442270914715,0.12404999732971192,0.04142405192057292,1
0.14430531284265352,0.21163833350466008,0.24934034180222897,0.3284805364776076,0.3542166592782004,0.30311490778337447,0.13702964782714844,0.03769481391237493,1
0.14077330924369194,0.1985965161710172,0.2307343611846099,0.2946555163409259,0.3182627703692462,0.27943090490392736,0.12201889141185863,0.03813148833609916,1
0.15358176054777922,0.22188429184901862,0.264923142798153,0.31594278782974056,0.3536391788058811,0.31483530115198205,0.08804212970498168,0.05610658504344799,1
0.11820966667599148,0.16920545366075304,0.20442435476515028,0.24181871944003636,0.31035033861796063,0.27381229400634766,0.08392994933658177,0.12395114368862575,1
0.1802568650783453,0.2661020379317434,0.3232074536775288,0.39248883813843694,0.4239909236592458,0.3720474529983406,0.09929111308621284,0.036833146460970544,1
0.16895726977976983,0.24467006392543092,0.29624357351807734,0.34298360508119047,0.38636434238587797,0.3399485087715457,0.0743134930529402,0.058739003579178196,1
0.116195517526546,0.16866332936174994,0.2081658448411825,0.2505799951687665,0.3318429149932145,0.2916810299868875,0.09149233500162761,0.1381267314785523,1
0.16414218981824927,0.23970149461876392,0.28607653156586144,0.3247593276932261,0.36441839201160287,0.3165334820393639,0.06328339392778073,0.056858804176398485,1
0.16282296180725098,0.23357014656066893,0.27489163875579836,0.34897186756134035,0.3910743474960327,0.3349922180175781,0.11900280714035034,0.056727147102355956,1
0.1173194514380561,0.16546049382951525,0.18932437896728516,0.2562112543318007,0.2609427769978841,0.21134575208028158,0.15941720538669163,0.0025677217377556693,1
0.136610123846266,0.1885505517323812,0.21333397759331596,0.27019328541225857,0.2930259174770779,0.25518075625101727,0.12366763750712077,0.035804165734185114,1
0.162385622660319,0.2380300001664595,0.28741186315363104,0.34828792918812146,0.3942506385572029,0.3459481326016513,0.0957732850855047,0.06185406627077045,1
0.1679036021232605,0.24776531755924225,0.30202797055244446,0.36253654956817627,0.4054657816886902,0.3542203903198242,0.09094458818435669,0.055992987006902695,1
0.17798293078387226,0.25956268663759585,0.3121935879742658,0.3712707448888708,0.41372256808810765,0.36181887873896845,0.08649373054504395,0.054096380869547524,1
0.133611208597819,0.18303825378417968,0.20635770161946615,0.2653644307454427,0.28181411743164064,0.2431499481201172,0.1269867451985677,0.027889092763264973,1
0.1085069573443869,0.16404404018236243,0.1912441751231318,0.35358239878778874,0.3187303626019022,0.22902297973632812,0.30172158946161687,-0.05538921356201172,2
0.09474380119987157,0.14402859107307767,0.1570635878521463,0.33747853403506073,0.2674856600554093,0.18320892168127972,0.37086370716924255,-0.12055643745090651,2
0.11721930544600527,0.17992308200933996,0.21437962849934897,0.37433066734900844,0.33458448882795805,0.23971417418911925,0.2823877253084101,-0.06424286426642002,2
0.09445533752441407,0.14311291376749674,0.1615131696065267,0.3486351013183594,0.28210798899332684,0.18982717196146648,0.3714788754781087,-0.10959194501241049,2
0.08578881677591575,0.1276150199602235,0.13836959622940928,0.33067292987175706,0.23514754817170916,0.1535301388434644,0.41309302707888046,-0.17250309350355617,2
0.13381923948015487,0.20640023549397787,0.2589167413257417,0.36954530080159503,0.37082862854003906,0.28055661065237864,0.17698496863955543,0.0012867865817887442,2
0.11331569939328913,0.1814739829615543,0.20310562535336144,0.3762675502844024,0.3082870684171978,0.2113568155389083,0.29927728887189897,-0.09970625659875702,2
0.11865797638893127,0.18471211194992065,0.22037962079048157,0.3502320647239685,0.3249870538711548,0.23791171610355377,0.2270391881465912,-0.037360332906246185,2
0.07641143798828125,0.11187657515207926,0.11542340119679768,0.32021061579386395,0.211831537882487,0.1277862548828125,0.4728979746500651,-0.206576935450236,2
0.08524192289176236,0.12570326778304625,0.1356962579321191,0.33216851782128515,0.24570673440833646,0.16091728976452685,0.42941094210827685,-0.1575113319488893,2
0.09097465427442529,0.13685445675904723,0.14971118137754244,0.3436462358496655,0.2677269420404544,0.1811180772452519,0.39357248942057294,-0.12508523875269398,2
0.11220569297915599,0.17130595347920402,0.2064869677434202,0.3567413892902312,0.3229819751176678,0.2331056438508581,0.2741872130847368,-0.05544441254412542,2
0.11639802193527586,0.17511789422286184,0.203618026806407,0.3736697840348385,0.33185197748065565,0.2394624919982618,0.29928247552168996,-0.06246533918608889,2
0.11368482367036306,0.16979234956847836,0.1979633854125357,0.3633823297955663,0.3265208907538864,0.23406614506910295,0.29977349218378213,-0.05695564250655586,2
0.13831018167499676,0.20925686917196396,0.2555272515022483,0.3823003670196849,0.37666911565492367,0.28987058398639687,0.20391307064711925,-0.01082853648973548,2
0.1043051797516492,0.15354281055683994,0.17380188922492826,0.3350251645457988,0.2885924942639409,0.2030130503128986,0.3225000342544244,-0.07915076917531538,2
0.10207879995997948,0.15011276776277566,0.16980852054644235,0.3410913974423952,0.2910516473311412,0.20227452773082105,0.3410656361640254,-0.08377451836308346,2
0.11787936561986019,0.17306536122372276,0.19753021942941765,0.37270124335038035,0.3235913075898823,0.2326462896246659,0.3117105835362485,-0.07308985057630037,2
0.11678685312685759,0.17511674632196841,0.20231425243875253,0.39236313363780145,0.3385289233663808,0.23634670091711957,0.3232242335443911,-0.0761488209600034,2
0.09752105887419259,0.14404512542525147,0.16135197059780942,0.342256882611443,0.2852141436408548,0.19629043379640268,0.36581824807559743,-0.0979205923142776,2
0.09600125874904607,0.138702392578125,0.1546982771513478,0.3134046137727649,0.26668066062674617,0.1883085642429377,0.3430263443498422,-0.08402651351019247,2
0.09333109348378282,0.13652275978250705,0.15100765228271484,0.33145740184378114,0.2666363817580203,0.18249164743626373,0.38225904424139795,-0.11802379121171667,2
0.13718167526462066,0.20826628987823054,0.2577699597977914,0.373547450061093,0.3893961612647179,0.3017349062372723,0.18697212544662692,0.0182345489755061,2
0.11227312143783123,0.16858733327765213,0.19912342718470166,0.34306148060581143,0.32465110466494196,0.2373889454624109,0.2686175073099415,-0.029765162551612184,2
0.10439342083317218,0.15868521208810335,0.1803917082229463,0.3567037299127862,0.3027332230369643,0.21257324974135597,0.33238303307259437,-0.08572763499647083,2
0.07230499982833863,0.10420981645584107,0.10633350610733032,0.29835569858551025,0.19510143995285034,0.11888587474822998,0.4756033897399902,-0.21076548099517822,2
0.06940700505909167,0.0989626269591482,0.1010486452203048,0.29770836077238383,0.18661127592387952,0.10889048325388055,0.4968453457480983,-0.23359765504535876,2
0.06252775330474411,0.08821794261103091,0.0851666339929553,0.3015454057334126,0.16745500979216202,0.08916847947714986,0.5591446143993433,-0.2856262317602185,2
0.06730229059855143,0.09801474412282309,0.09692712624867757,0.2989888509114583,0.18552799224853517,0.10469907919565836,0.5106686274210612,-0.23454721768697104,2
0.06510572632153828,0.09211989243825276,0.09010724226633708,0.28763115406036377,0.17845729986826578,0.09822546442349751,0.5230440298716227,-0.23425855239232382,2
0.07688777881432633,0.11163623030014459,0.11406290465296962,0.3028972056689183,0.20654494986349706,0.12814397443065328,0.46325548709426795,-0.19499571152154913,2
0.07282594464859872,0.10490780956340286,0.10711274057064417,0.31014964265643424,0.20026223164684367,0.118870033408111,0.4885922557902786,-0.21734622739396006,2
0.10741424560546875,0.16054370880126953,0.18795021057128905,0.34672088623046876,0.3107041549682617,0.22129066467285155,0.3046000099182129,-0.06127805709838867,2
0.08483997223869202,0.12345435127379402,0.1298175539289202,0.3198844667464968,0.2277408932882642,0.1487449464343843,0.4293151128859747,-0.17348272838289774,2
0.0876852791264372,0.12915372848510742,0.1402782584136387,0.3241012141389667,0.2543960067461122,0.17190999804802662,0.3973828081814748,-0.12256894021664026,2
0.11862187326690297,0.1814668757434735,0.22109347998850631,0.3503185633278678,0.32543361334153165,0.23967177779586227,0.23631704197008424,-0.04332562042361915,2
0.11069662852953839,0.17062189245736728,0.20743724864016297,0.3536726428616431,0.31900005955849925,0.22744894540438088,0.2665882520778205,-0.056171765891454555,2
0.13179791726147216,0.2012452794071844,0.24847959600809802,0.3704286746408456,0.37412928584406147,0.28579564902473525,0.20225166244760304,0.0014253268606242942,2
0.1341645359992981,0.20321600437164306,0.24200234413146973,0.38245720863342286,0.36479260921478274,0.2752852439880371,0.22822937965393067,-0.02629567086696625,2
0.12695842630722942,0.1906281920040355,0.22940803976619945,0.36772716746610756,0.3550427941715016,0.26563504162956686,0.23488880606258616,-0.01968367485439076,2
0.12456049237932477,0.1882603236607143,0.22940856388637,0.36571077619280135,0.35943603515625,0.2682951245989118,0.23339505876813615,-0.011775564295904976,2
0.1028823205980204,0.15115298255015228,0.1748635728480452,0.34019974530753444,0.3120155981031515,0.22241013737048132,0.32392679634740795,-0.04576166201446016,2
0.10238152697570342,0.1496842176394355,0.16996823934684122,0.31208640650699015,0.27597143417014214,0.20139248209788388,0.3027493469697192,-0.0676302587179313,2
0.06536117381295242,0.09273020426432292,0.09183403058240643,0.289042909266585,0.17531098619019245,0.09813169705665718,0.5170521278165828,-0.2445905437577242,2
0.08417941521907198,0.12557289565818897,0.13285162828970645,0.34758479353310406,0.2495596236076908,0.158314635788185,0.44878569893215015,-0.1661504662555197,2
0.0754976159050351,0.11062100955418178,0.11254208428519112,0.32363176345825195,0.21731905710129512,0.1320782161894299,0.4837182362874349,-0.1965500967843192,2
0.10588318021426647,0.15834979353279904,0.1806506452889278,0.3448883958638008,0.296825296185874,0.21255391689356912,0.31586144358066504,-0.07763343021787446,2
0.09849306594493777,0.14570528961891352,0.1618800163269043,0.35560390561126,0.2911025202551553,0.19786417761514352,0.37675937386446223,-0.10197377759356831,2
0.10700201988220215,0.1567654917317052,0.17658410533781974,0.3336685549828314,0.3053311378725113,0.21834774940244614,0.30712644515498994,-0.044433136140146566,2
0.10489848240669528,0.15335719449532464,0.17447903489819463,0.3244962544021211,0.2960226226964763,0.21407136274742958,0.30526187876963246,-0.04903220142107553,2
0.1323418583430297,0.19776891252955084,0.2385862273809194,0.38273894758652854,0.3549495182984264,0.24644969822948987,0.25180439689762485,-0.0470022693029814,2
0.15081013694780643,0.22447532810935714,0.27863940276052096,0.3814780368412114,0.40048664712796767,0.29464138563492204,0.16107053778537078,0.022598685607211812,2
0.1437412670680455,0.21605750492640904,0.2687166588647025,0.38422986439296175,0.3793213367462158,0.2655578170503889,0.18278259890420095,-0.008596181869506836,2
0.1521235861652475,0.22863458500777503,0.2838040724646845,0.368737163589441,0.40368564523381295,0.32929370614836256,0.1316876857400798,0.044445723938427384,2
0.13283463114315702,0.19897553355423445,0.23612362576514176,0.37785323624758377,0.3616252781189594,0.27704518111710696,0.23699213794826232,-0.025029148023153088,2
0.10443227214197959,0.15512222782258064,0.1750027810373614,0.3477513713221396,0.2986366025863155,0.21082743983114918,0.3363712679955267,-0.08059275227208292,2
0.06459900660392566,0.0927279790242513,0.09097538238916641,0.2953599783090445,0.1727434549576197,0.09458775398058769,0.5290777744391025,-0.26220082014034957,2
0.13043853759765625,0.19072999318440756,0.22543172200520833,0.32893452962239583,0.3179994201660156,0.2520183308919271,0.1822014363606771,-0.01363644282023112,2
0.0653708622019778,0.09337088882282216,0.09030921484834405,0.304043944163989,0.16817206721152028,0.09017023476221228,0.54231688796833,-0.2881935693884409,2
0.07161428066010171,0.10128503150128304,0.10211997336529671,0.29580980666140294,0.19124250209077875,0.11153229246748254,0.48716086529670877,-0.2151841102762425,2
0.06909064664185502,0.09783066320055314,0.09621929576378742,0.317030229641281,0.18085169610176377,0.10346837808157651,0.5347772263388597,-0.273903067785365,2
0.07581697272125786,0.1078479172445143,0.1116049952760956,0.30087196003991,0.19850309172560712,0.12426632913141795,0.461134329350037,-0.20861244577863042,2
0.07582096197666266,0.10807361439761952,0.11157527825771234,0.29417552458934293,0.1983401176257011,0.12581818409455128,0.4552426590878739,-0.1993778848240518,2
0.06926065683364868,0.09807851165533066,0.09508488327264786,0.2919410467147827,0.17107340693473816,0.09717273712158203,0.5088258385658264,-0.26118776202201843,2
0.13112365180723676,0.195033336982346,0.23186847716404516,0.38861781722565203,0.3450095190456784,0.24450727625771712,0.2623480522672291,-0.0628150829861352,2
0.1335917081500075,0.19451966727540237,0.2304853859360898,0.3520330803202091,0.32145163929706305,0.24023492585881093,0.2117160654813948,-0.04693877108834424,2
0.13080441698114922,0.19956824120054853,0.24655005272398603,0.41421845618714676,0.34553117954984625,0.22381435556614654,0.2658350721318671,-0.10088169828374335,2
0.109952068833447,0.16059134750769882,0.17602088968589824,0.37043116332361936,0.30644482405728135,0.2105725202610884,0.35717515087632273,-0.09418572319878472,2
0.14602790938483345,0.22067361407809788,0.2781375249226888,0.3963298267788357,0.3969898223876953,0.2749299473232693,0.17928938070933023,-0.002573761675092909,2
0.13541566798117308,0.2025050948151445,0.2477371080786781,0.37871558265348454,0.37370867433801164,0.26531108079758364,0.21473266804112798,-0.007516437927178577,2
0.13136715359157985,0.19566999162946427,0.23261515299479166,0.3913442823621962,0.36264825245690724,0.25537206256200395,0.2655895778111049,-0.04079887980506534,2
0.14008639211611898,0.20981652640441073,0.25881609039990894,0.3851292015725722,0.3676888504370446,0.26505156375902117,0.20077035672996077,-0.024791465211876838,2
0.1035747942717179,0.15734317337257275,0.17856937906016473,0.41642523502957995,0.2979783597199813,0.1770626565684443,0.41574138143788214,-0.17344148608221524,2
0.16717033386230468,0.2543354955212823,0.3257844596073545,0.44472266887796336,0.4303656216325431,0.2879499501195447,0.1594183823158001,-0.015538223858537346,2
0.13674275016012463,0.2046575970977907,0.253010398463199,0.3885728164240416,0.3770093415912829,0.26857794634243737,0.22161769480840396,-0.020718161393756325,2
0.11075567820715526,0.16295022813100662,0.1801241920107887,0.3984458257281591,0.3267773219517299,0.21556602962433347,0.3878110855344742,-0.11353406451997303,2
0.12651389244043432,0.19766056368136292,0.25361184938259035,0.42096511334604564,0.34851132071978674,0.21801902445571683,0.2567595170007498,-0.10381056799142846,2
0.1350225183461279,0.20634997585963774,0.25826802275105976,0.4036352046402046,0.3631050554626191,0.25239486010085305,0.22582966757462164,-0.05944786584965317,2
0.1423136914362673,0.21904079249647798,0.281767381344988,0.4035477768528005,0.39245126025924265,0.2638205439666581,0.18009700670919784,-0.01428685422803535,2
0.12083927201636044,0.17806303942645038,0.21009885528941213,0.35689535258728783,0.3360374827443818,0.24025700416093992,0.25840163525239923,-0.03050988397480529,2
0.12572307397823523,0.19114160065603727,0.23172019731880414,0.3906128760611657,0.3432153758436146,0.22248915870590966,0.2743850368084294,-0.07505720440704043,2
0.13268960144425235,0.20016145009337488,0.248795192774253,0.37640065489830704,0.35895466655181696,0.24971785575213662,0.21026639998083574,-0.02630728719627683,2
0.1257763843910367,0.18550553041345932,0.21798348894306258,0.36642998340083105,0.3408455194211474,0.2515265520881204,0.25744249306473077,-0.037053458830889535,2
0.15982724375933766,0.24158821257937002,0.30941398590209473,0.4178328191141683,0.42871318680356696,0.29829063263547373,0.15084831268188964,0.013823378133583829,2
0.12043509723471223,0.1832294820881576,0.2193153216684465,0.4032749971897482,0.33051031098948963,0.21796984775460881,0.3114881337117806,-0.10954817078954024,2
0.12925316917149182,0.18924195500095795,0.22368220607331404,0.3527501077677963,0.33903229009228114,0.2527411354335192,0.22862474405148372,-0.022888129023829987,2
0.10235775886697972,0.1514679117405668,0.17115290215674867,0.34093202631524266,0.27972778969622675,0.19257159943276264,0.33974882085272606,-0.10574947925324135,2
0.12228086397245333,0.17943045026959648,0.21169044622021393,0.35166761295693705,0.3261763195823429,0.24004991067804962,0.2556326446816298,-0.04383183410304818,2
0.12764990488688152,0.19149962107340496,0.23072891235351561,0.3804958089192708,0.34407613118489583,0.2378100840250651,0.25544092814127606,-0.054059537251790364,2
0.11165840956416444,0.16438956156264256,0.19026253693295223,0.3561829894128507,0.3089732149221601,0.21227920142403484,0.30757684081140224,-0.07169352482705221,2
0.09209394900598258,0.13305660497362368,0.14407870925475505,0.3296556561906761,0.24091085986556293,0.15538866274824767,0.3964110044675453,-0.1604441705151139,2
0.13585143978312864,0.19590629965572035,0.22539237394171246,0.3526637837038202,0.3405162358688096,0.2682653524107852,0.22532474388510493,-0.019373461351556293,2
0.12066702615647089,0.17935333933149064,0.20784823099772134,0.37707342420305523,0.31637368883405415,0.2151498340425037,0.29694084894089473,-0.09025132656097412,2
0.1530181884765625,0.22555217742919922,0.2768689155578613,0.37084188461303713,0.3930202960968018,0.3076499938964844,0.14632307291030883,0.02899682819843292,2
0.1331558372035171,0.19977104302608606,0.24342727661132812,0.38064312212394946,0.38210481585878314,0.27984853224320844,0.22605404709324692,-0.0022933523763309827,2
0.13848060010427451,0.20972217421933828,0.26142283520066595,0.3799196496067277,0.3854269464331937,0.28091205459043206,0.19261013168886484,0.0022316883845501637,2
0.12595663468043009,0.18463132778803507,0.2141201893488566,0.3801228205362956,0.3356724977493286,0.23421669006347656,0.2889435092608134,-0.06665891408920288,2
0.142933389823425,0.21626153955318658,0.26902143356248076,0.3672949128550262,0.38606104357489224,0.3024035862513951,0.15597041839449277,0.0242199216570173,2
0.13921838998794556,0.20923241547175817,0.25848393780844553,0.3580751759665353,0.37062747137887136,0.2935331548963274,0.1643641676221575,0.015505588480404444,2
0.0890143784609708,0.12991718812422318,0.13822343132712625,0.33486656709150836,0.22902937368913132,0.1480224999514493,0.4170809659090909,-0.18871565298600632,2
0.12680970067563263,0.19346850851307745,0.23506496263586957,0.36990941089132556,0.3485368231068487,0.2589854572130286,0.22689794457477072,-0.0333015685496123,2
0.10233339468638102,0.151997709274292,0.17557137807210285,0.3370502471923828,0.28288370768229165,0.20503007570902507,0.32487033208211263,-0.09616524378458659,2
0.09799572825431824,0.14707348744074503,0.16732350985209146,0.33717866738637287,0.28729625542958576,0.20066926876703897,0.34255683422088623,-0.08522295951843262,2
0.08376818967152791,0.12474418548216303,0.1356414771941771,0.32090200860816315,0.2344850746982069,0.1539153937833855,0.40869002744375943,-0.1583504964070148,2
0.13418724000916,0.19632339477539062,0.2266079215116279,0.38565746573514714,0.3488145281178083,0.2507081438404645,0.28026977065921754,-0.0600955652636151,2
0.11480880077974295,0.17016731073826918,0.19969245533884308,0.3769102685245467,0.3122560713026259,0.20213419125403886,0.32322768223138504,-0.10282658941951799,2
0.09168133528336235,0.13498906121737714,0.14535934337671252,0.33091100056966144,0.24613648566646854,0.15473166756007983,0.39120184856912366,-0.14793194204136945,2
0.09184347414502911,0.13515274197447533,0.14531911588182636,0.37713443531709556,0.2631550022200042,0.16454539579503677,0.4378931382123162,-0.17395470189113243,2
0.143614989060622,0.21936356212218963,0.2770366409785068,0.40680442568403563,0.37883530698750356,0.2579924639533548,0.19749951254728154,-0.04120828447298766,2
0.1490839852227105,0.2156566337302879,0.2614158701013636,0.31349450570565685,0.35289284035011576,0.29526507412945785,0.09051349427964953,0.05928026305304633,2
0.12189734609503496,0.18700083682411595,0.2303440294767681,0.43998549611944904,0.3347754428261205,0.20687322114643297,0.323940718801398,-0.14262415233411288,2
0.12570608128382507,0.18952481573520427,0.23142636688061932,0.39728929743420477,0.3435556422398743,0.22471484392048927,0.2715313447920304,-0.07657291902510148,2
0.12442413814484127,0.18281957232762897,0.21690838526165673,0.3748470245845734,0.33283923921130953,0.2364069378565228,0.2760448879665799,-0.06326997545030381,2
0.12792463151235428,0.19193087683783638,0.23759451366606213,0.3798834482828776,0.3499631124829489,0.23706611754402282,0.23751171051509798,-0.04465145913381425,2
0.13019796761359959,0.19460570614640885,0.2437225257494173,0.35783563266142954,0.36831892656357906,0.25673154967924505,0.19180439058588356,0.014124677984754025,2
0.1537373601173868,0.23518711531243355,0.30451259483285503,0.41969340836920704,0.4227644213202859,0.284199046439865,0.16309762811985146,0.002209573375935457,2
0.10552825326994648,0.15396418533925935,0.17469940786286603,0.34226232814037894,0.29891820592204416,0.21291205638975608,0.327164266991803,-0.07025473887526144,2
0.11862973655973162,0.17421139989580428,0.20465561321803502,0.34474849700927734,0.32487896510532926,0.239462035042899,0.2561026300702776,-0.0313189434153693,2
0.09482921659946442,0.1378662884235382,0.14445555210113525,0.36850404739379883,0.26524627208709717,0.17223569750785828,0.4286607801914215,-0.15573768317699432,2
0.11720885949976304,0.16908114096697638,0.19539842886083267,0.32233518712660847,0.3137090907377355,0.24195592543658087,0.24738634333891027,-0.015571198042701273,2
0.11054949326948686,0.1594467509876598,0.18071299466219815,0.3339440085671165,0.2930189999667081,0.21453323364257812,0.2984326796098189,-0.06677041487260298,2
0.12336744580950056,0.1792651195915378,0.21591167060696348,0.3155671723034917,0.33466113343530773,0.26229772762376435,0.1872070857456752,0.03181803956323741,2
0.08221930992312548,0.1201863017508654,0.12812217464291953,0.3286315173637576,0.22564711221834508,0.14356755822654663,0.44639364102991613,-0.19311914211366235,2
0.09581579621305171,0.14256111616940842,0.15209426093347295,0.3745837260767357,0.2557189390831387,0.1712300015479019,0.4233100340538418,-0.19094876161555654,2
0.08944266104284739,0.13522277126422508,0.13933544489689645,0.39932374458092484,0.23097189313414468,0.1448699421965318,0.4822421211727782,-0.2689782291478504,2
0.09364563550135886,0.1365145158398059,0.14991170306538426,0.3266550699869792,0.2567274699839511,0.1805484091588693,0.3703668283861737,-0.12094023061353107,2
0.12044632708440062,0.17807494616899333,0.21005964435514857,0.36104621261846825,0.33067264244204664,0.23325660580494365,0.2699466392642162,-0.04905308895423764,2
0.12231205210966223,0.1839812110452091,0.22672760907341452,0.376237891702091,0.34868033914005053,0.23202557283289293,0.25333628934972424,-0.03962390282574822,2
0.1058245390159649,0.15299349200001078,0.1736496456420224,0.30352005510699026,0.28018890296556676,0.20983766587399647,0.2748229727560644,-0.041880525936737904,2
0.0863423720650051,0.1246161585268767,0.13505366781483527,0.30761804995329484,0.22828805342964503,0.15268456832222316,0.39099466075067935,-0.15533002770465354,2
0.08519820523161425,0.13114826991085263,0.1372791563911277,0.39774802163683415,0.26423516253378826,0.14718912824799743,0.49820039644523006,-0.20685934718651108,2
0.07751164710852129,0.11495685374050506,0.12117455813930487,0.3381377913550273,0.21988993565410947,0.13737668360728444,0.47857799408024054,-0.21961112927272122,2
0.11577857979640348,0.17556083400384137,0.21175179212196324,0.3798900447942622,0.32380340001643826,0.21364494653239202,0.2982482572198574,-0.08693205874623651,2
0.10648902445660016,0.16147933285915614,0.19046673885543328,0.35279207140074265,0.2995975230755541,0.20386452401108204,0.3096183740452324,-0.0878401397099142,2
0.12611856295829085,0.18997167488434952,0.22586636534121582,0.38916753670075577,0.326538466675039,0.21870647877054342,0.274841982206319,-0.09534011372220265,2
0.13310638345797993,0.20037333791303089,0.24718453181729771,0.38724463260083597,0.35847161413839396,0.2402190007551257,0.2310433177096046,-0.042651808899089656,2
0.10867603027824499,0.16279322114349154,0.18814300246656548,0.34772708042746964,0.2931423005722842,0.2076880740149122,0.3063862283855021,-0.0903534246030932,2
0.11195014420664484,0.16817637826711204,0.19985946175977204,0.35599631923384023,0.3086227653063467,0.21555810169160952,0.2871354429921912,-0.07559965967964355,2
0.10945331555672531,0.16408285862449967,0.19250320526184123,0.34368009662691795,0.2987973101859573,0.21212530358780854,0.2886597249728986,-0.07313069552879002,2
0.11124168635622467,0.16679623187373355,0.19696814199832194,0.3472967424170466,0.3057298345285588,0.21427312385226696,0.28156285619300914,-0.06674160942842895,2
0.10890541059994813,0.16337242143130187,0.19297011255853402,0.3456036662263816,0.2970869831770151,0.2055032912588057,0.29216150739610636,-0.08135447037589763,2
0.1230757621869649,0.183624267578125,0.22347265792219606,0.33469244551985233,0.3266163238107342,0.24016604488843107,0.19986668416898545,-0.009506322259772314,2
0.1208772913904988,0.18368947046577316,0.22067705362923115,0.39028510880371786,0.32486300789197853,0.21814069460393673,0.2880875631974844,-0.09727410572187711,2
0.12684247647112573,0.19487570076001892,0.24084812790247678,0.39082933234971623,0.3542695886948529,0.2377403739559146,0.24713052881514447,-0.05312072627930695,2
0.12474948592502304,0.19479814384141778,0.24553809763465526,0.39098558730516736,0.3447485321569794,0.22433674130451475,0.2334792678420608,-0.06696665433466581,2
0.14037731389072383,0.21571803188196986,0.2757038873299143,0.3939766509237683,0.3814628590915238,0.2557297870417568,0.17948249176878744,-0.01768855058083363,2
0.11547910172418253,0.17644241029853064,0.20957815410285596,0.38990494683878313,0.3229707427372206,0.21390346501836713,0.30959656570131416,-0.09869976927902525,2
0.12581523603786102,0.18946571485764227,0.22527599283327945,0.3833464046839638,0.33929034879667797,0.23760508124023333,0.26869000544744853,-0.06603636208735787,2
0.12591915874856396,0.19184201857767655,0.23137349138256813,0.41889752360629634,0.34751520584337714,0.22811010828790107,0.3009183576744397,-0.09865764186137033,2
0.13058238149274473,0.20147128742690587,0.2511978788318023,0.4010760587934053,0.3528637843361969,0.23443136454798946,0.2370429924379151,-0.06806725929694268,2
0.12581957440043604,0.1900936518093793,0.22963195884276677,0.4044477011371409,0.3427090792258037,0.227037088000171,0.2851487020135089,-0.08854614758785055,2
0.12522517195991847,0.19532746688179348,0.2445747707201087,0.38606419836956524,0.3503232846467391,0.24498165760869564,0.23110096807065217,-0.05148699155061141,2
0.14172374378551136,0.21908526796283143,0.2779302978515625,0.413711640329072,0.37700920336174243,0.2574536317767519,0.2086441132516572,-0.051419312448212594,2
0.14601240578494326,0.22510392262045026,0.28146521619190473,0.412058004923597,0.3867155283067177,0.2784201849917525,0.20149000836082512,-0.0395715983450551,2
0.13145706471545826,0.1986066998970432,0.24394373468225333,0.36511471914170307,0.33719964189713664,0.24773855481327622,0.20137755280804392,-0.038098185240070866,2
0.1335036721402224,0.2019741727781163,0.24383884950600626,0.4236270830159732,0.3532365676752372,0.24453357069605242,0.278242297159264,-0.09660365920212939,2
0.13428028228004915,0.2076061504889714,0.25753878536156966,0.44328610046171046,0.3597905728505273,0.2353513198690785,0.27639703110334307,-0.11136709422189019,2
0.12549531410751028,0.19641920176062563,0.23931057462966981,0.4308827718098958,0.3329635745703929,0.21963918552477174,0.3006461814597801,-0.13960303789303627,2
0.12748041945794983,0.1990712507886728,0.2523114202141479,0.37829317287707837,0.35131401007645485,0.24811176653429334,0.2037371202772417,-0.03821620986467303,2
0.12417664712305226,0.18946235614586932,0.2315884163366497,0.3918919853083995,0.3511375511548796,0.2398921481812198,0.2664981441603181,-0.05900819262088333,2
0.1327255755871326,0.19827289181155758,0.23291997309331294,0.4021890280130026,0.32679497778832495,0.2287624865978748,0.2791526100852273,-0.11491591446883195,2
0.1350290897118784,0.20954764150354985,0.2584822160484147,0.4256460927698734,0.361849903190223,0.24456703575858235,0.252249167783417,-0.08705965445859588,2
0.0724801934998611,0.10268752328280745,0.1041094681312298,0.3132801713614628,0.19386258618584995,0.11395197901232489,0.5016117095947266,-0.23626237080014986,2
0.08777155236061522,0.13476134425374717,0.14886937206147483,0.36321586505320275,0.2612783394607843,0.16886098640177225,0.4271521014505562,-0.16950209719742765,2
0.09947528446293531,0.1540280828759654,0.17706000286599863,0.3642636087448155,0.29567350130059356,0.20608972684742385,0.35406137985823083,-0.11175324987765035,2
0.10111102249259664,0.15570260140663966,0.1791196447358167,0.3784028088957294,0.29465800829956357,0.2009320418436331,0.36527504480985035,-0.13199758172927056,2
0.09129902314857619,0.14077936356824766,0.15956235104372124,0.36960442798220744,0.27906734107905984,0.18091356025409885,0.40985384307199213,-0.1515532022710696,2
0.09920532932485125,0.14909307133684804,0.172244699824323,0.3273475076804382,0.2809812606865825,0.1975872677840372,0.3146213789427408,-0.07918703343944618,2
0.10151832048283067,0.152856660443683,0.17712412324062612,0.32753855683082755,0.28861777726994003,0.20607522476551143,0.3008592738661655,-0.06527734357257221,2
0.09707225221960794,0.14962196032735156,0.17040743962698887,0.35607369370547787,0.283161131593828,0.1960781052981359,0.35834476515378016,-0.11857962965370217,2
0.08468607977348128,0.12911304174591862,0.14351140992579098,0.3379429951402942,0.24537525675810437,0.16105038083505216,0.40851635772591066,-0.16273899482166485,2
0.08793947515212332,0.1349340123454417,0.15143238778502296,0.3454986732462885,0.2574029557035351,0.1727684601711163,0.396348487673782,-0.1508445139006367,2
0.09464681435286794,0.14333325153363938,0.16430704700168466,0.3209488596703179,0.2673149502154478,0.18456038904353925,0.3270416784122637,-0.0939403415955219,2
0.10782863872355056,0.15927877075986266,0.18395178776322893,0.31440810662881347,0.2868570282443811,0.21374475466767345,0.2685805911894236,-0.05027656060830563,2
0.09655662920835206,0.14442622232780183,0.16604597791493367,0.3237570892992637,0.2782576307118368,0.19538808040481678,0.32813614220927945,-0.08025562505927875,2
0.09894716417467272,0.15009216008666693,0.17681899761977887,0.3179391771921069,0.27996796179169225,0.198729606459709,0.2902451498795493,-0.06673792714861745,2
0.09393686117585172,0.142082066880059,0.1641204873311151,0.32095433264663537,0.26863898444421513,0.18523985086028108,0.3276587220811352,-0.0914617223837941,2
0.08396702088444995,0.1276318904761416,0.1408376004473452,0.3309146916192715,0.2404612717897914,0.15787527157035355,0.40872224464366375,-0.16258470332262237,2
0.0893375974139268,0.1332497797887911,0.14948187513327776,0.3191833117463748,0.2469652616060697,0.1677143106389578,0.3671303268697658,-0.13189121748022642,2
0.09781428745814733,0.14580659742479202,0.16646357945033483,0.3101165821025898,0.27132856691038454,0.19338606549547865,0.30623413680435774,-0.0694485701523818,2
0.09712190006884579,0.14734449423135926,0.17050308286001856,0.3395025903694474,0.27639516194661456,0.1938704859708004,0.3439040202290619,-0.11171116591413359,2
0.08471988513037604,0.1294991950321987,0.14531003781821383,0.3407003758912143,0.25617156954346826,0.16665273208407602,0.4096807148221884,-0.14815533172130146,2
0.07181247668652296,0.10679808416472901,0.1119136320290725,0.31451182289142027,0.2053094994253287,0.12258427407749636,0.4822595090584101,-0.21698573487393208,2
0.07821959563551059,0.11785192790118418,0.12538520218325688,0.3246748688604503,0.2273050690962505,0.142084048952827,0.45032507546900913,-0.18344812092694082,2
0.0665075763775285,0.0964617273610109,0.09658207255563918,0.303217067839993,0.18241571317053146,0.09989205743097196,0.5176508229249602,-0.2500296914653414,2
0.07672381290853116,0.11392756199065268,0.11967672809430374,0.31120462520464176,0.2166489423331568,0.13359542399966295,0.44945903478307975,-0.18392184923169058,2
0.08422299977895376,0.1271323771090121,0.13515847438090556,0.3320888570837072,0.23983945073308172,0.15690790640341268,0.4251342464137722,-0.16582623043575803,2
0.08050976980004326,0.12086050673494121,0.1290653986728929,0.3221528988319422,0.22981366583112786,0.14374127217146784,0.43476713596803745,-0.1736490206143755,2
0.08030134314692154,0.12068950266077899,0.13064325796425247,0.33107493426680756,0.22817769565060134,0.14430739299878598,0.4393373940877868,-0.18894503926693337,2
0.08121582346225004,0.12291757776102888,0.13278348730244768,0.3339788104416034,0.2332842415625896,0.14715152705481294,0.4359081163318879,-0.18194707817987565,2
0.09318954034558606,0.1395353443615068,0.15658073545630422,0.32294367841365584,0.25286239479618494,0.17712359022266858,0.3529798585909774,-0.12611551615718036,2
0.10059572269539079,0.15308335787786512,0.17984206021907095,0.3515464767425476,0.28597988824328346,0.20111891262994738,0.3403714166614479,-0.1162061977959826,2
0.084503637762119,0.12794295601222827,0.1406203421027003,0.33657182767130966,0.24212503592704848,0.15856948439637808,0.41704496463115687,-0.16914879394976626,2
0.09456351432839179,0.14517806089130988,0.1651797824435764,0.34994743261619204,0.27474334747905516,0.19075234633823904,0.3655829784459416,-0.12676699421578347,2
0.13985752461983023,0.21198986983244947,0.26609171387274877,0.37483236186868235,0.3984809475770572,0.2945784653509396,0.1768272591071683,0.023290540742982764,2
0.10170998280353673,0.15619009428779607,0.1798410705069451,0.3659361663524704,0.29640271167769244,0.20365114021442451,0.34587769187176165,-0.11042093295331004,2
0.0817343910675588,0.12101624290008006,0.13001088118805904,0.30608346352728855,0.22419701026943462,0.1509683157445685,0.4105838196016453,-0.1610552110436106,2
0.11205564331289589,0.16280817664380712,0.18995886723761224,0.3345103970393682,0.31180140389472416,0.22319370389672868,0.2965789462145205,-0.05486891222275397,2
0.08410257792604563,0.1282533255729886,0.1357557075458337,0.38012737463851004,0.2350403169242058,0.1482571975960916,0.5061026725979799,-0.2666509217320226,2
0.13506507873535156,0.2027958363026112,0.25368187019416877,0.3822133863294447,0.38954599054010064,0.2752291189657675,0.20388010385874156,0.007827203016023378,2
0.11827279567003608,0.18110106552558683,0.21359278094107242,0.39902524933822153,0.3383917401040691,0.244823907626265,0.31110783566956757,-0.09055036690639055,2
0.09955741491884941,0.14689373475387382,0.16587637535928856,0.34247621823808133,0.28121201131353735,0.1906547071528138,0.3666436708484613,-0.11545595456620635,2
0.10611603866667438,0.15524411173261835,0.1776528984837278,0.3284186910595414,0.28211012620192305,0.20216143907174555,0.3078644340560281,-0.08459692057773206,2
0.09447889036486763,0.1409905945890335,0.16032359693768763,0.35236058797378206,0.26963356384543874,0.17651019033906762,0.3975505245825089,-0.15120843612471002,2
0.11850285012628563,0.17190817686821752,0.19813988886105038,0.3420694077482183,0.31169027088141804,0.23419608612604267,0.2828375862994007,-0.06167977706568118,2
0.09197918176651002,0.13489413261413574,0.14986634254455566,0.32988805770874025,0.2622318506240845,0.17532386779785156,0.40035042762756345,-0.13502801656723024,2
0.0691754809164913,0.09674113087108654,0.09397774164966992,0.30616875680170375,0.17298160003999943,0.09661571038165216,0.5266953922285805,-0.27634179372189227,2
0.12082779907496033,0.18805484055946467,0.23048171828651007,0.39481702387727646,0.3323176638706367,0.2309742437030043,0.27329052047224234,-0.09548030625905422,2
0.08939395681784972,0.13705491671597,0.15117064705730354,0.36957714331411096,0.2633054413064553,0.17476356116524577,0.4235452526677264,-0.17243603894310275,2
0.15135958662656981,0.23253419109594042,0.295480603369597,0.3704081027307243,0.4079241886317173,0.34070514429395443,0.11442906032098787,0.04727502270279644,2
0.15058080499822443,0.2348126324740323,0.3016077908602628,0.41663551330566406,0.4112772161310369,0.2963097659024325,0.1686977039683949,-0.010933947563171387,2
0.1373187980460162,0.2116707844949847,0.2629563604766999,0.3883430826005025,0.3821267746201712,0.29588041832698647,0.1966127941955873,-0.010568678678579666,2
0.12761413451411593,0.19532097369372484,0.23519492197324574,0.3802225277937154,0.345564168703628,0.2628558214521504,0.24127295511349345,-0.051361103172993035,2
0.13711116557218592,0.21172776514170122,0.25893461266342477,0.41349007742745536,0.37233687420280615,0.27805876439931443,0.2339432852608817,-0.05618123813551299,2
0.1458039240005913,0.22347273520373423,0.2732005688028598,0.4277085470497061,0.3830356772886504,0.28937082553128585,0.22610977592818235,-0.058639447623436605,2
0.1658631402093011,0.25978118163329345,0.3350291667399822,0.4414107405745589,0.4439641820775854,0.3281809259821345,0.1462029351128472,0.001712876755196053,2
0.1377086494146346,0.21943374034879357,0.2838399894906543,0.4018704861873902,0.38006784878212874,0.2829643477454965,0.177853906650465,-0.030607506205062106,2
0.13698169000134497,0.21795898711609984,0.2832030793150028,0.4175102096831727,0.38502411071411863,0.28036727448423465,0.19919186437915185,-0.04359613635582838,2
0.1054198281806812,0.16652192567524157,0.19495308190061336,0.3780196005837959,0.2880029511033443,0.20420320410477488,0.31885364599395216,-0.13477580589160584,2
0.13760793994286816,0.21226944609316523,0.26474752825891185,0.37948923624918135,0.3728133332943488,0.2963310287384216,0.18106460571289062,-0.010564808360116924,2
0.12980120637328751,0.18831103596073984,0.2264674159133997,0.24958384732519692,0.2875860738004153,0.2556847015214864,0.04836425395535694,0.07070205491831144,3
0.1301655326756746,0.18995640228796987,0.23227911784537747,0.2591560424650882,0.2988194606225063,0.26557298810078483,0.05463507154417459,0.07113541719644123,3
0.1368058314533695,0.19448446650932388,0.22530211968238797,0.24170603419774628,0.2773177037028805,0.243520354139347,0.034609554502397645,0.06756358465463305,3
0.14028698615831378,0.2013760404635906,0.24274119851228795,0.26753341642447365,0.30304911005897833,0.26734605827897795,0.04850102019866139,0.061935031894335996,3
0.14228201234618434,0.20571861966600027,0.2473158332112574,0.27260530798678134,0.32295687991176064,0.28824050716083,0.04829435560204614,0.0843012983447582,3
0.14272842276682046,0.20442399999618063,0.24289581216771572,0.2640016229891072,0.3144497233828832,0.2823476182951143,0.04147501861341015,0.08716209708143638,3
0.1330483281084325,0.1914348021041961,0.23355993234321,0.2624729359033832,0.3257559231905828,0.29000980090765394,0.058123977761803426,0.10690097647045829,3
0.12713682020421208,0.18449796723607187,0.22189431835385548,0.2499699842719688,0.3059272126480285,0.26745380416498454,0.058766905530884136,0.09791895332895977,3
0.14703060644222754,0.2061495929904133,0.23568135372334592,0.24963642413593584,0.2686008762668919,0.23589922930743243,0.02864740705774641,0.03606397656232861,3
0.138444604544804,0.19065380096435547,0.21531756170864763,0.22429461314760404,0.2310153369245858,0.2019719748661436,0.020252079799257475,0.013651680329750324,3
0.15051709829748117,0.22012789947323863,0.2669404162241504,0.2940287148199543,0.35265052651090095,0.3204561351544966,0.047971783558807914,0.09093388994369189,3
0.1237720192596948,0.18376268414903874,0.22556969973814472,0.25859917683093586,0.33494456620391894,0.29150281126934857,0.06768470000094008,0.1274030418669324,3
0.1274716324684324,0.18461704283521327,0.22152227807639743,0.25100767219620995,0.31109391692090776,0.27267058489687596,0.06173365351821152,0.10525480739733312,3
0.143118647093414,0.20736822969170027,0.24798177083333334,0.2740408686155914,0.33243095808131723,0.298327872983871,0.049882034793976814,0.0962916482904906,3
0.14291551978187222,0.20615378410766963,0.2491902309181416,0.27865240496520094,0.3354559164131637,0.29763864162748893,0.055755210133780424,0.0925140650926438,3
0.14448332491110824,0.2084433784441889,0.2533785010297362,0.28715684169492817,0.3565411168383872,0.31673899817815904,0.06251739605091766,0.10795910126546071,3
0.14733276729199102,0.2141444883878262,0.2606898406222197,0.29533876756190686,0.3561370958212856,0.31585172062666816,0.062295925009151654,0.09337444011285495,3
0.14335575548502874,0.21423222759607036,0.2666370107336282,0.3033074413190425,0.3772685254568381,0.3335623068515379,0.06426500308133165,0.10818878622987121,3
0.1336962122071111,0.19752586865886482,0.24241176136315243,0.27250503785410707,0.32922562905636754,0.28924286063343213,0.05825468797909853,0.09325998867198147,3
0.12181592458533101,0.17742908707330904,0.21510612827733835,0.24448519186739207,0.28751290233298404,0.25454006799602374,0.06321128946846649,0.07714857768180122,3
0.13304783777791998,0.1984760611126856,0.24491068663492832,0.2786194307439845,0.35271219111113145,0.3078202779314159,0.06420820765319882,0.11695158191268833,3
0.12705175266284155,0.18748437546815078,0.2300125604850791,0.26107504269535,0.3290421073525887,0.2891187717221956,0.06296451089480465,0.11406708787751678,3
0.13294440067402713,0.19228711632818254,0.23147323012732476,0.2604042388518905,0.3171632477788178,0.2802684024367788,0.058619131364080146,0.09746706049652437,3
0.1385429774888143,0.20058104922574105,0.24058681775348387,0.2640207448528384,0.30849286676075455,0.2706559627114793,0.04604991597083858,0.07772736688054915,3
0.13167331803631077,0.19498297207487938,0.24032482150520382,0.27411546368535816,0.3401904943245082,0.29689402865195474,0.0654164278520506,0.10629196572861252,3
0.13296369559354856,0.194896247595654,0.23769299750467873,0.2736864229179663,0.35980083729725515,0.31314153800166356,0.07015225257167551,0.13559844456682782,3
0.14217671048389516,0.20654056717475408,0.24995353049524152,0.2855375928140495,0.3525874454549544,0.30909893990173143,0.06617657740148153,0.10464549781569897,3
0.13178472440290506,0.19270709321973462,0.2336373301080315,0.2675557490372405,0.3314400213486455,0.288343827210551,0.0671699667707068,0.10616727543663501,3
0.14668503852739725,0.2099595161333476,0.2519563857823202,0.2860320417848352,0.35907091114619005,0.31860236599020764,0.06335036917908551,0.11323444941272474,3
0.14441628754138947,0.2070588767528534,0.24900980293750763,0.28307974338531494,0.34870046377182007,0.30936479568481445,0.06402495503425598,0.1038634181022644,3
0.13617761500710804,0.19217207313356338,0.22754726863061892,0.24997478839388163,0.29518341657667385,0.2638458515603908,0.04693988280986349,0.08296504339955538,3
0.13597617029914047,0.20055906850708244,0.24912922001068763,0.28387604053769266,0.36192068934210925,0.3215942676816143,0.06518276854057532,0.12067676463338452,3
0.13382207265157187,0.1928736959674401,0.23293762572511229,0.2573428143712575,0.29253853620883236,0.25912799401197606,0.04976651311634543,0.06394401139127993,3
0.13184199792232854,0.1912364350510969,0.23134768908298778,0.25461686529894656,0.28696471832798665,0.25526925676622214,0.04780526114701824,0.05962049224966379,3
0.1362539780068418,0.1961204966828674,0.23943534792235702,0.26824694897440016,0.32716036210636246,0.29077645296098437,0.056687244719282215,0.09881100822128387,3
0.13103504741893096,0.1849061180563534,0.21213957842658548,0.22572999842026653,0.2578684301937328,0.22630900495192585,0.030969805577222037,0.06518172516542323,3
0.1414955431213539,0.20394412572307616,0.24346936630465063,0.26658850411313584,0.30777580849337965,0.27171075237816267,0.044898294689896596,0.07109293065023597,3
0.14006446686801532,0.2009859952059659,0.23768978589704998,0.2565926787797261,0.29544844561352346,0.26037189775314196,0.03795691300127465,0.06947423118485664,3
0.14169719980506096,0.20292336808563874,0.2416221370660552,0.2638598236025633,0.3077914819662703,0.27331187027590226,0.04375233112284148,0.0769119992082935,3
0.14201896330889532,0.20096509596880743,0.23378942527023017,0.24947647019928576,0.2780006633085363,0.24505121567670038,0.03217121432809269,0.05305183635038488,3
0.14056980887124704,0.2005281226579533,0.23618463028308956,0.2562095287234284,0.29772314914437226,0.2662785108699355,0.04034638127615286,0.0740468890167946,3
0.1423881108287103,0.2049743950561126,0.2450868190305629,0.26843763717999286,0.32291151413311786,0.2913494047978802,0.045403253760322296,0.09230559656596728,3
0.14124853502016269,0.20479771710824277,0.24731373866664924,0.2729542369693684,0.3318156877090301,0.29844442684381967,0.04921256313090074,0.09747270224750906,3
0.1427533148485507,0.20618029121902287,0.2489007947361639,0.274930847878598,0.33059696330752747,0.2954930235158271,0.04964116381488519,0.09209070045303404,3
0.13203916850842928,0.18712646484375,0.22026637027138157,0.24016381514699836,0.2775318025287829,0.24357174521998357,0.043049408762078537,0.0721567174008018,3
0.14128005945429287,0.20509990268950384,0.2484307097788405,0.27603228649316486,0.3317906149347217,0.2964263843983576,0.05259826444060103,0.09178087788243447,3
0.14718200618105384,0.21717038789020587,0.2678007199528903,0.2992959083917315,0.35609524444449103,0.31831919788802643,0.0555121417720942,0.0866255043913878,3
0.14594678252820342,0.21135543764327944,0.2540436772919683,0.2820016671945383,0.34047699956513433,0.30421655917566565,0.052116988094923884,0.09404037848709479,3
0.12392035082014521,0.1737890794905146,0.20105532660474104,0.21650501390085486,0.25407661258280917,0.22485991974203695,0.03687158948093717,0.07957205272078259,3
0.1265374536383642,0.18056289463827055,0.21727172642537992,0.24074306226756476,0.2863113194295805,0.2527769428409942,0.051101374299558876,0.08642709418518903,3
0.13389890590009162,0.19261816813813748,0.22412534334760537,0.24195310114260993,0.2931364475709996,0.2568669521070847,0.03809921438608573,0.095251804066015,3
0.13146633947141753,0.1820140152202595,0.20513420892676068,0.21482014163757143,0.22346593356062178,0.1943142421126014,0.022875971498742566,0.019157741625400418,3
0.1316834594638679,0.1802298845877486,0.20283324843778122,0.210565664512464,0.2107622381420424,0.1824609963820082,0.018577917605702873,-0.00030317642947939167,3
0.1491523363313622,0.2104645787023049,0.24255263186291437,0.25770457568089605,0.2915466645804558,0.25877584383632596,0.03015329350424076,0.06100433939728289,3
0.1501122796530177,0.22590043318361988,0.2821472684985232,0.32104911242964224,0.3833072575617198,0.3424665746123356,0.06448862226318686,0.0885447188780024,3
0.16941139914772727,0.2515671616479774,0.3086120957143786,0.34968099948233433,0.4043906550096031,0.36392669091609314,0.062428204564523145,0.0725187821821733,3
0.15199413421047722,0.2334247759193372,0.29581018921675956,0.3431206964383459,0.3980595776989202,0.3518929451134554,0.07401350956813545,0.07407208460911065,3
0.14827510672555844,0.2319820027955821,0.2982120782556668,0.3468103543133803,0.4056359680605606,0.3569276836556448,0.07536023099657516,0.07818052130685725,3
0.16783852804274785,0.25355077925182523,0.3151628857567197,0.36954398382277714,0.42404192969912574,0.38061668759300593,0.07942732175191243,0.06862130051567442,3
0.1356870918398183,0.1939562073747964,0.23379660739960811,0.26039261046501766,0.30141966713109053,0.27264768784778776,0.05379401589061228,0.07297662492683733,3
0.13868597342487524,0.19764963302322214,0.23690736429772902,0.2634752512884684,0.30423214408381355,0.2764863859111365,0.05309810203291164,0.07175945963696381,3
0.13824985739062248,0.19542843424216097,0.23436028132323825,0.25984758395880475,0.28855103584759373,0.25795248527027437,0.05152206704519052,0.05227321281328289,3
0.13346104509749573,0.1909692643064936,0.22746968833916512,0.2545298823833815,0.291718346310725,0.256479252596326,0.055474768585917794,0.06465833205922217,3
0.13820439117294184,0.19768557061356082,0.2382500058648209,0.2676001704428666,0.3043233225495103,0.27142668680627546,0.057824127531089134,0.06335890825800297,3
0.14112239442085975,0.20373081534928517,0.24686012556672787,0.2756746408405652,0.3129191243706887,0.28212437546937585,0.05501822932964439,0.06326470504509485,3
0.14433967903868794,0.2106410684106557,0.25932573292353384,0.290186006728917,0.3362758410031393,0.30616561680623927,0.05594956820413947,0.07332557956921999,3
0.15715770625588882,0.22931651973245132,0.2796239038208621,0.31387647312490186,0.3548954335888426,0.32212139493856,0.05738477850679177,0.06046361779447776,3
0.14136566986908783,0.20242204179276932,0.24275175443998687,0.2689154455969642,0.30347479284704626,0.27163968931089294,0.05107382467917136,0.060359267501143725,3
0.1434481706076521,0.2083609046005621,0.25294445006828,0.28799823047668954,0.33725654788133574,0.3021417323166762,0.06481107851354087,0.07876245762274517,3
0.14946854808343152,0.21989997984871032,0.2684690283719825,0.30996231805710567,0.3442676281802869,0.3087863821201223,0.07155879086287564,0.05241632209253059,3
0.1673934102907883,0.25137401589871583,0.3109688656913413,0.3555632747550475,0.4146743738169908,0.375027980487307,0.06679803118852991,0.07642391685069032,3
0.15475637544461382,0.22766423419239076,0.2763553402288173,0.3161051370264069,0.38233259247570506,0.3380543778582317,0.06698795256575918,0.09454497670739646,3
0.14512124768009893,0.21021800571017796,0.2556989281265824,0.29232574392248084,0.34764155635127314,0.30880143907335067,0.06664528228618481,0.08566930558946398,3
0.13386584312338767,0.19027406502843575,0.22922840798326102,0.25463855736251173,0.28662349851225377,0.2559401921885993,0.05252119568901706,0.058972478583874444,3
0.11599850821997242,0.1661732022238591,0.20137250129294132,0.24252586862148948,0.3264415071386033,0.2860235246755893,0.09195396859523884,0.14640747192750125,3
0.1385170321734722,0.19863410237007081,0.2383650448201809,0.27957601970771917,0.3408687527292903,0.2970903054860978,0.07956707240246338,0.0985021430536945,3
0.12314059129401819,0.1732185136026411,0.20646886683222074,0.24363204614440007,0.29764081471001924,0.2576529659442048,0.08243263301564686,0.09858760549061334,3
0.12520469029744466,0.177114995320638,0.21351774533589682,0.25348606109619143,0.3104422887166341,0.26474905014038086,0.08553568522135417,0.10012393792470296,3
0.11595504997574833,0.16296771064301552,0.19441851766040744,0.2318854152231153,0.32457213137472285,0.2877130140486419,0.08700603476649113,0.1646529305536308,3
0.128192217596646,0.18201833264581088,0.21830099697770744,0.25639127534011313,0.3550287180933459,0.31428256856984105,0.07980330894733298,0.16135895827720906,3
0.1279392507341173,0.1837834252251519,0.2246006859673394,0.26591812239752877,0.3540320131513808,0.3183172543843587,0.08435793055428399,0.14222820599873862,3
0.13387734784534705,0.19379011069815263,0.237567428374882,0.2785185944558219,0.3670119663143878,0.3305681839729976,0.07936866538038531,0.13712475394996881,3
0.13747810887085402,0.19760434808283506,0.23817369481716777,0.26937822142232626,0.3384653910833145,0.2986853974820905,0.06139663668746122,0.11358799572886112,3
0.13449523959097384,0.19236608780107123,0.23425171364863367,0.2655541699005527,0.3445122731304585,0.30466197984187365,0.06260741954287066,0.12932341796341942,3
0.13720815137977108,0.19415161657128563,0.2313552731324434,0.26030452658263376,0.3232734319708488,0.29475418919001367,0.05886595345064794,0.10751888538794051,3
0.13750506289856174,0.19597833316654703,0.2374876851327849,0.27983972124834366,0.3551798035314985,0.3151610141929384,0.08182909800391315,0.11864115576862025,3
0.13315166823239347,0.19070500744728597,0.22978587586096638,0.2603796548287454,0.33922898680976016,0.29502058087363886,0.06228141243957101,0.13070464718345184,3
0.12935083579418596,0.18445641851183472,0.22007259043869176,0.24953758834555273,0.3119937750328114,0.2708598806062183,0.06259271657153255,0.11037925887792663,3
0.1480701708762717,0.2029948945793815,0.23791141732657467,0.260814998245734,0.3021892146841561,0.27119705061658966,0.04573029395671206,0.07296853863311649,3
0.1335080742315434,0.18814260157955787,0.22206970836744905,0.2532910564927902,0.33426682917832284,0.2885992280607487,0.06539597157307588,0.13706044026337336,3
0.14582624984661322,0.20770752592236583,0.2474284386759653,0.28235269117105694,0.35408219741901176,0.3132836147128599,0.06590109620418848,0.11257259508702143,3
0.1287834760542758,0.18479965672348486,0.21763415832921607,0.24717364606492917,0.2994693560091403,0.2575803613474247,0.06334157549188385,0.09508485253777586,3
0.11615188134590927,0.16688854238001732,0.19664640204851017,0.2226116200892358,0.2724155705815351,0.23410940426193538,0.061302444376118065,0.09868271065099508,3
0.12897559448524756,0.18268233758431893,0.21053942927607783,0.23327112197875977,0.2762084890294958,0.24180959772180627,0.05104919716163918,0.0836019515991211,3
0.12050393926501426,0.1693462640475975,0.19268402252937922,0.21191289824257004,0.24722176991745082,0.21765572275770673,0.047265322500971325,0.07614443698672879,3
0.1387013303482185,0.1998443603515625,0.24022251821753,0.27313462093206137,0.3601338053691645,0.3203359264757761,0.0640567840547463,0.13731257958111623,3
0.14162833802079577,0.20452025028851703,0.2398145601918638,0.2669323251485412,0.3318366982382429,0.2944678445806135,0.05345363363804187,0.10889611351510657,3
0.12959425314024547,0.18805831176224755,0.23134221572542815,0.27014023560103373,0.3627544886160105,0.3302459383635542,0.07762487486460323,0.1464357834195466,3
0.13254015903418248,0.1885630435451737,0.22915059174370972,0.26270886615217587,0.3400502027276594,0.30891011847465977,0.06820077540881313,0.12815784793187007,3
0.11273000147435572,0.1608534726229581,0.20138956045175527,0.2546296305470652,0.3625599006553749,0.3332920322170505,0.11669090815952846,0.17483679040685876,3
0.12661772792779127,0.18380700268791716,0.22745625023702973,0.2691055100326785,0.36385239289416466,0.3315062044507863,0.08389530367064245,0.14970736210400232,3
0.130674617722359,0.18351282771888397,0.21785825216246316,0.245019338266387,0.3112002063027532,0.2727621391271855,0.058717038725988914,0.11887543607754723,3
0.1451242887056791,0.2141693342412376,0.2588095463830839,0.29063192135642835,0.36316073207050636,0.3211952379856157,0.05786835644440379,0.11125843814821457,3
0.12703814491948587,0.17910180981370652,0.21523226583405008,0.2475860315725344,0.31883029762758025,0.2901007042747754,0.06986950515607081,0.12574275772141388,3
0.1340798349091501,0.19448367032137784,0.23880483453924006,0.2741818514737216,0.3481494787967566,0.3137898300633286,0.0689739805279356,0.11902449636748343,3
0.12995208884185216,0.18606298674577437,0.22573130385680767,0.2582964867166003,0.33466243144101315,0.30193897463240715,0.06727743448701294,0.12877831369076134,3
0.11883937638119398,0.16818523027032495,0.2014549103391123,0.23580852371762948,0.3055004347843003,0.27148624739323957,0.0780677339470244,0.1262100766854457,3
0.12097607340131487,0.17290866942632765,0.21324282600766137,0.2582277570452009,0.3542860576084682,0.32366793496268137,0.09533903712318056,0.1560706411089216,3
0.13759881836452564,0.20076573045947885,0.24707016763807851,0.2841009469977914,0.37715235842934136,0.3388287508035008,0.06965240446324086,0.14083192720694884,3
0.13738250732421875,0.19823293460426808,0.24251251857370262,0.27757278039160294,0.3756853933957754,0.33374910527044943,0.06737755999611549,0.15027591880405727,3
0.13557123043748331,0.19969514339939634,0.24802290388207043,0.2870582083882237,0.35507755829150545,0.31808259978238396,0.07289776552703109,0.10610022285323005,3
0.13837066213533677,0.19634562507322553,0.22854682906761248,0.25518166425688055,0.30740683047886846,0.271040861185668,0.054509397583423866,0.09270932354241224,3
0.1419111942052304,0.20180698169572442,0.2421788907147786,0.2792215643835906,0.3612950631442936,0.3078506834177135,0.07076498257678712,0.12672617543973919,3
0.15126156659299914,0.2164508932027186,0.2643382573499814,0.3054113343177174,0.4127624526837689,0.35861212858209995,0.07203454713819049,0.14926913235191663,3
0.13626356662439654,0.19714216897283565,0.23609570720250522,0.26890098874404683,0.33841356504436326,0.2930889089819285,0.06432153785402939,0.11364148802946406,3
0.14371810348773342,0.2037491409039157,0.24941072355736224,0.29156807026815956,0.4046506598859163,0.345065731130996,0.0778323284918814,0.16221575630492494,3
0.1596117097752218,0.23129725087437444,0.28640072295837127,0.335989667749564,0.44663946390658177,0.38688602742550043,0.0797944050107105,0.14178576019629588,3
0.15319743909333883,0.22055919655946082,0.268039397844188,0.30784072701390874,0.38262565839754364,0.33385078203214386,0.0690487309506065,0.10848735399049807,3
0.14057754231094075,0.19945962315041904,0.23737641332551002,0.269283492946823,0.33969915631902936,0.291151653456341,0.060743260532307775,0.10911511680936119,3
0.15372013932839623,0.22285194136104353,0.27304797947626247,0.319427506287809,0.4205322907762362,0.3589847410182963,0.07826659128830221,0.13645531314727447,3
0.14703460785003752,0.21798004975190033,0.27329233530405406,0.32177104319896066,0.41711870256486955,0.3627465966943506,0.08165921391667547,0.1288526494939764,3
0.1527337227158874,0.22423435822697996,0.27674970554031486,0.3326977445879055,0.4206920827618082,0.3628826345196207,0.09228225591528506,0.11603242131589933,3
0.14206361945845636,0.20322228779630086,0.24314166692298228,0.2753881259227362,0.3440092952858432,0.3026355653297244,0.061665844854720306,0.10984053323900919,3
0.1627868479684185,0.23229563927549285,0.2819482352811174,0.3232168497088269,0.4181529777559229,0.3648445960318688,0.06839688529051008,0.12851172289382956,3
0.1480387845624111,0.21280779157366073,0.25728122021546107,0.300697201271877,0.4041775053581305,0.3501564922887366,0.07794157623792569,0.14686273895533739,3
0.14278138637928203,0.20042901744549566,0.23996223320186186,0.2827807143511267,0.4173759639311338,0.35536306099055176,0.08169621041250884,0.19190289459598575,3
0.14106811119231166,0.1976883237725062,0.2349963661850683,0.2786960475492162,0.42460935478968337,0.36370452981910956,0.08480264019492446,0.2068868725505096,3
0.1381481715611049,0.19294613010280734,0.23320296570494936,0.27375474866929944,0.3865013960953597,0.32752162807590357,0.0796161379132952,0.1704257084773137,3
0.1510562598281361,0.21486265527065923,0.261129539348662,0.3072970133926587,0.4300361730974395,0.3675952113709104,0.0811973235346006,0.16701977486969904,3
0.14203154110739416,0.2021085184516636,0.24659396232442654,0.28536846620816714,0.3829396565755208,0.32776157568532527,0.07233259863887273,0.14489862428489306,3
0.14757076062654195,0.214826804713199,0.26133940847296466,0.30535099631861634,0.40400711862664473,0.3532380756578947,0.07767464487176193,0.1390595185129266,3
0.1421769566896583,0.20352919762875854,0.2450761875184644,0.2932432479217273,0.3971958000118993,0.34925682003758535,0.08943194701891988,0.15039397488121226,3
0.14103172797411587,0.1994439301133231,0.2378651571484129,0.28082908048671823,0.3918338576126339,0.33329375855338295,0.0824666110389099,0.16303909388291588,3
0.15490569762572018,0.22789932587342654,0.2827517828626002,0.3353749124225012,0.44209393518482276,0.3807998687805298,0.08512216388343093,0.1375306154300789,3
0.14603396304971836,0.2110625586022124,0.25510844159580803,0.3012362633875379,0.3835438111832485,0.33053443419458134,0.08263555225921049,0.1203426975931204,3
0.1513996844021779,0.2237866959481869,0.2766870822546617,0.3265669120932525,0.4252267873512124,0.3741535690595519,0.08267768823875571,0.1312881145837172,3
0.13801842644101098,0.21303885323660715,0.2766686091347346,0.3554100763230097,0.3846336243644593,0.29886527288527714,0.12379654626997691,0.04010921432858422,3
0.11656837153240918,0.164023096968488,0.1855382531639037,0.20328348051241743,0.2294468143121983,0.19911789312595274,0.045483841159479406,0.06022005934056228,3
0.12988908606839467,0.1835230287299099,0.21110644972467996,0.23907130597585655,0.27210442416639213,0.23681663605104009,0.06111511552190206,0.06503262577286686,3
0.13816511879866372,0.1961042102338489,0.23453747270885944,0.26418884482849325,0.33590603709622263,0.2936942668876263,0.05908390648838647,0.11855536566840277,3
0.12394754472472858,0.1800488682420041,0.2236867412155223,0.2672458702409771,0.3592352782056925,0.32694169165382925,0.08905410408414026,0.1469852071412852,3
0.13923941267297624,0.20097744718511054,0.24321815815377743,0.2760232965996925,0.3655341128085522,0.3200954477837745,0.06316736911205535,0.13952089877838783,3
0.12875711399575937,0.18233091934867526,0.22060866977857507,0.254667447960895,0.332403100055197,0.2993937367978303,0.0716270052868387,0.13238261056982953,3
0.14132947879409224,0.2023338163551816,0.23552361720291687,0.2656685707306827,0.3173664922954181,0.28081612946896584,0.059961730174143205,0.08807781051989548,3
0.13588073554236346,0.1961508081783115,0.22996143565026467,0.2630901612033055,0.3187381571823869,0.27969516023520213,0.06725024167337133,0.09560869380301071,3
0.14686707183197661,0.21065385191590635,0.25195216465663245,0.2864082176368553,0.36139182777671547,0.31935957261732406,0.06399668846930658,0.11579923029546138,3
0.1141899205461333,0.16471768632719788,0.20598573322537578,0.25699431986748417,0.3517931201789953,0.31767507142658474,0.11126279227341278,0.1552325864381428,3
0.11848604123538407,0.1706316017120402,0.2071836347110103,0.250644688917381,0.3412411381179261,0.301342940044784,0.09465508391155543,0.1520503992723244,3
0.11270470565624452,0.15952211015679862,0.18950580211167925,0.22677170828487095,0.29379743940374825,0.24631603112381495,0.08883781647414304,0.12763066238231874,3
0.13080800222065633,0.18645083261821085,0.2261617055196248,0.2594477259470317,0.3299566942774607,0.3005571650887678,0.06854258325999368,0.11963514225211686,3
0.13156809244613982,0.18865701933615073,0.22251169129750614,0.2513954462442856,0.3118983106321643,0.27031641131405226,0.06074192013803007,0.10694440483526371,3
0.2306387165454528,0.3405581376888232,0.41783971879346316,0.47043223492311853,0.5319667645794699,0.41285794464002856,0.05956325728490573,0.062114509838365396,3
0.22154615942295308,0.3245031978921651,0.39516965804561494,0.4430589846812696,0.5203312699512769,0.43636209904933915,0.05721771759798877,0.07400733510225904,3
0.21866392037118546,0.32445607892144535,0.39925110559188465,0.4510843708081824,0.5173165293846412,0.4271527603118712,0.0610128340027142,0.06857190915676349,3
0.21807942169391556,0.32220832875232824,0.3947453277789994,0.45015524554726305,0.5105111835808154,0.4139518485164011,0.06556654923799023,0.06284586799065799,3
0.2537008342626748,0.36780031244638417,0.4494907666798919,0.5080556562714463,0.5486271074381273,0.3672659131852106,0.061358799132227415,0.0392187320931428,3
0.21703860664154617,0.3214420859772558,0.40265600879863783,0.4572312107775071,0.5213267456675872,0.3884536726119368,0.06351313283843824,0.0657777401565603,3
0.19191315735620734,0.2966005276666323,0.3800660325651417,0.4330285270555708,0.4957155036463342,0.4033819374084123,0.06528590536381772,0.0681293716566922,3
0.19606833474386454,0.2963310328916032,0.3733004073529078,0.4209243533529532,0.4852349633120123,0.41908751743671746,0.06002182424922881,0.07085229731410758,3
0.2361729394592824,0.35323223099582285,0.44355221684613416,0.499600231271674,0.5256672458720839,0.341920484660703,0.059433690536518265,0.02553445303725715,3
0.1887362343924386,0.292373300908686,0.37223128434065933,0.42214731069711536,0.4872857397729224,0.41612859872671276,0.0628390154995761,0.07164160235897525,3
0.15827353359014,0.22859159128988008,0.2832939726530647,0.3236384266062449,0.4411528188918524,0.3984926788338373,0.06660000219653565,0.15422500647679396,3
0.1586952108746011,0.23129273202483355,0.28878068884555574,0.32890133325436166,0.435603382771622,0.39215422179496523,0.06528819659591616,0.14058143269791515,3
0.21383178300846864,0.3209910359654955,0.3991728471881999,0.4480367320916153,0.537735665418533,0.47179932460806273,0.057867978428139,0.08312207058589376,3
0.21125574714013995,0.32079443717027817,0.40230411014616757,0.46546317061606207,0.5117345889104464,0.4215425957692056,0.07318154086541082,0.0469350292577035,3
0.1988216420473468,0.30160915449288134,0.37950196613426956,0.42800670237566607,0.5011035654938666,0.45584621395565056,0.060105379690708956,0.07868576049804688,3
0.18152688123391247,0.2679074163449163,0.33601668074324326,0.37962179883566605,0.466601122606982,0.41358386497546656,0.06094676524669201,0.10353867225205116,3
0.16242982543489354,0.2522926975432246,0.3210051828622588,0.36805775335496166,0.4322512538988794,0.38751759158756593,0.06838381350570633,0.08024168765523317,3
0.17402775014393118,0.2732394623323625,0.3547833571102005,0.4057088359459665,0.47522319916689243,0.41793865409526554,0.06707349026374332,0.07911288153669822,3
0.1779004183077573,0.27691580296463875,0.35166084476986115,0.4090590190707225,0.4602265500072685,0.4109182001494585,0.07710038307257595,0.05729526897418775,3
0.1713193985609317,0.2672570664643355,0.338544949102579,0.4160726667779972,0.43866883458701206,0.37994330310467006,0.10818778679716543,0.020758326080208816,3
0.18629937941028227,0.2902993479082661,0.3699850102906586,0.426517084593414,0.4811429587743616,0.4325786631594422,0.07101053217405914,0.06016995419738113,3
0.17386472926420324,0.26898782393511605,0.34276589225320253,0.4069298575906193,0.46709461773143096,0.4046659469604492,0.08560692562776454,0.06873814498676974,3
0.16343119011761567,0.2527004196913206,0.3249172062737142,0.39136328866067666,0.43441684973782674,0.3499804749255639,0.0921702135674668,0.054057206512502634,3
0.1659569180800338,0.25092086165726096,0.31413294830395944,0.35257799414722657,0.4064657891907593,0.36722578327762856,0.057631746344610095,0.07057104474504693,3
0.20589938464465443,0.3146260579427083,0.39314283766188063,0.45531525483002533,0.5056676091374578,0.4559908342791033,0.0733152080226589,0.05248016494888443,3
0.19894685202497778,0.30464110335683436,0.3855641682942708,0.44397617743267276,0.5154749552408854,0.4482697277534299,0.07047599699439072,0.07452933768915936,3
0.15941352318476024,0.24737424981904432,0.3124142423340591,0.3771467223466812,0.42230561097219566,0.36933146501573266,0.09491060265720712,0.05485511884937608,3
0.1752214481843117,0.2743148174128493,0.3545300082344805,0.4063794421505767,0.46545620780195046,0.40878476760303356,0.06813642840947053,0.06763400444837772,3
0.18311960021061685,0.2821423886427239,0.3564131551714086,0.4106543697527985,0.4653755757346082,0.41812015362639926,0.07087856121917269,0.06219841117289529,3
0.18261830271026236,0.2736234085648148,0.3401629412615741,0.38935962818287034,0.4438437982253086,0.39636640383873456,0.06742657696759259,0.0653191234447338,3
